player_id,nickname,country,is_banned,points,photo,social_yt,social_tiwtch,info,global_rank
16498,Zoink,us,false,18902,images/profiles/Bez16498.png,,,-,1
13502,wPopoff,us,false,14255,images/profiles/Bez13502.png,,,-,2
16579,Netermind,us,false,10118,images/profiles/Bez16579.png,,,-,3
13501,Trick,us,false,9338,images/profiles/Bez13501.png,,,-,4
18454,zLevii,nz,false,8493,images/profiles/Bez18454.png,,,-,5
13458,Vorten,ru,false,7148,images/profiles/Bez13458.png,,,-,6
13506,SerVax,world,false,6714,images/profiles/Bez13506.png,,,-,7
3695,Nickname,ru,false,6276,images/profiles/Bez3695.png,,,-,8
13508,w3rty,ru,false,6104,images/profiles/Bez13508.png,,,-,9
14197,Sharkified,us,false,5804,images/profiles/Bez14197.png,,,-,10
13661,kloone,fi,false,5765,images/profiles/Bez13661.png,,,-,11
14541,eastshark,es,false,5592,images/profiles/Bez14541.png,,,-,12
14433,Thnnder,us,false,5557,images/profiles/Bez14433.png,,,-,13
16551,Rediio,kr,false,5281,images/profiles/Bez16551.png,,,-,14
14452,Cookie,us,false,5071,images/profiles/Bez14452.png,,,-,15
5564,roze [GD],ru,false,4815,images/profiles/Bez5564.png,,,-,16
26548,dovvin_,pl,false,4525,images/profiles/Bez26548.png,,,-,17
22114,Bacon,kz,false,4513,images/profiles/Bez22114.png,,,-,18
13503,Taiago,pt,false,4460,images/profiles/Bez13503.png,,,-,19
15566,weyolll3,es,false,4427,images/profiles/Bez15566.png,,,-,20
13505,loliklee,world,false,4396,images/profiles/Bez13505.png,,,-,21
14521,xmercurylamp,br,false,4391,images/profiles/Bez14521.png,,,-,22
5527,Andreya6,ru,false,4371,images/profiles/Bez5527.png,,,-,23
16572,Doggie,us,false,4157,images/profiles/Bez16572.png,,,-,24
6103,Slaughter,ca,false,4102,images/profiles/Bez6103.png,,,-,25
14462,turtle,ca,false,4097,images/profiles/Bez14462.png,,,-,26
14485,PoCle,kr,false,3982,images/profiles/Bez14485.png,,,-,27
16578,Mizukii,de,false,3931,images/profiles/Bez16578.png,,,-,28
14436,Laniakea,kr,false,3820,images/profiles/Bez14436.png,,,-,29
14544,Hqmy,us,false,3653,images/profiles/Bez14544.png,,,-,30
5577,Serpentical,world,false,3607,images/profiles/Bez5577.png,,,-,31
14195,pizi,world,false,3556,images/profiles/Bez14195.png,,,-,32
14447,Abdieldevil,world,false,3541,images/profiles/Bez14447.png,,,-,33
18719,ChopBlox,de,false,3468,images/profiles/Bez18719.png,,,-,34
14445,iIiLaSeRiIi,gb,false,3343,images/profiles/Bez14445.png,,,-,35
16529,Albert,us,false,3299,images/profiles/Bez16529.png,,,-,36
14430,Cursed,gb,false,3228,images/profiles/Bez14430.png,,,-,37
14473,LAMINGTON,au,false,3174,images/profiles/Bez14473.png,,,-,38
15864,MeQ8cNv43s6A,jp,false,3129,images/profiles/Bez15864.png,,,-,39
14549,Whizkid05,gb,false,2978,images/profiles/Bez14549.png,,,-,40
4825,Tunax,no,false,2976,images/profiles/Bez4825.png,,,-,41
14440,Kaza,ro,false,2940,images/profiles/Bez14440.png,,,-,42
14524,JesseGamingGD,nl,false,2881,images/profiles/Bez14524.png,,,-,43
14431,Axinity,dk,false,2852,images/profiles/Bez14431.png,,,-,44
13507,Arshadow,ru,false,2842,images/profiles/Bez13507.png,,,-,45
14192,donley,ca,false,2828,images/profiles/Bez14192.png,,,-,46
16577,Hover,at,false,2797,images/profiles/Bez16577.png,,,-,47
14437,Stefan Boss,ro,false,2748,images/profiles/Bez14437.png,,,-,48
13671,Jerpaa,fi,false,2742,images/profiles/Bez13671.png,,,-,49
17043,whfyre,ua,false,2714,images/profiles/Bez17043.png,,,-,50
10679,zRain,ua,false,2707,images/profiles/Bez10679.png,,,-,51
18046,ItzDexii,ua,false,2664,images/profiles/Bez18046.png,,,-,52
14487,WaterBottle317,us,false,2652,images/profiles/Bez14487.png,,,-,53
16499,Seturan,kr,false,2644,images/profiles/Bez16499.png,,,-,54
25791,Syrcx,world,false,2626,images/profiles/Bez25791.png,,,-,55
14557,CuatrocientosYT,es,false,2596,images/profiles/Bez14557.png,,,-,56
45796,Komet01,pl,false,2565,images/profiles/Bez45796.png,,,-,57
13461,l1nxxd,ua,false,2503,images/profiles/Bez13461.png,,,-,58
16163,teraaa,kz,false,2492,images/profiles/Bez16163.png,,,-,59
14486,GuillExprex52,es,false,2468,images/profiles/Bez14486.png,,,-,60
14466,ProudGiraffe311,us,false,2461,images/profiles/Bez14466.png,,,-,61
16496,ViperVenom95,au,false,2394,images/profiles/Bez16496.png,,,-,62
14223,Johnlikesdiamond,us,false,2375,images/profiles/Bez14223.png,,,-,63
8276,Ekskriptn,ru,false,2359,images/profiles/Bez8276.png,,,-,64
14238,Nexel,ca,false,2308,images/profiles/Bez14238.png,,,-,65
15740,takmaster,ru,false,2237,images/profiles/Bez15740.png,,,-,66
17918,kirce,world,false,2236,images/profiles/Bez17918.png,,,-,67
14438,Breakcore,world,false,2229,images/profiles/Bez14438.png,,,-,68
4804,SpaceRS,world,false,2149,images/profiles/Bez4804.png,,,-,69
8,fallen,ru,false,2106,images/profiles/Bez8.png,,,-,70
997,lanx,world,false,2100,images/profiles/Bez997.png,,,-,71
13552,faukkkk,ru,false,2081,images/profiles/Bez13552.png,,,-,72
14222,Superjavicon,es,false,2080,images/profiles/Bez14222.png,,,-,73
11766,kropka,pl,false,2070,images/profiles/Bez11766.png,,,-,74
51317,Cryostazz,fr,false,2038,images/profiles/Bez51317.png,,,-,75
13873,Paliermu,it,false,2037,images/profiles/Bez13873.png,,,-,76
22062,tea,world,false,2030,images/profiles/Bez22062.png,,,-,77
51306,karkito,kr,false,2009,images/profiles/Bez51306.png,,,-,78
14198,manu,world,false,1968,images/profiles/Bez14198.png,,,-,79
6416,BONN GD,ru,false,1964,images/profiles/Bez6416.png,,,-,80
15188,Kopre,us,false,1939,images/profiles/Bez15188.png,,,-,81
14435,zThund3r,fr,false,1938,images/profiles/Bez14435.png,,,-,82
10350,quilinz,ru,false,1930,images/profiles/Bez10350.png,,,-,83
18708,ColossalOrange,us,false,1916,images/profiles/Bez18708.png,,,-,84
15741,hstorm,us,false,1914,images/profiles/Bez15741.png,,,-,85
15786,NordstromUSA,us,false,1913,images/profiles/Bez15786.png,,,-,86
14538,ScoffGD,ca,false,1892,images/profiles/Bez14538.png,,,-,87
45863,Tired,us,false,1881,images/profiles/Bez45863.png,,,-,88
6577,GreenZz,ru,false,1868,images/profiles/Bez6577.png,,,-,89
11811,XaLVaL,ru,false,1852,images/profiles/Bez11811.png,,,-,90
8053,cudby,ca,false,1835,images/profiles/Bez8053.png,,,-,91
3690,ffzer ,ru,false,1834,images/profiles/Bez3690.png,,,-,92
15143,Flavyola64,be,false,1826,images/profiles/Bez15143.png,,,-,93
21434,Rain,ca,false,1821,images/profiles/Bez21434.png,,,-,94
5285,SnowBallerr,au,false,1800,images/profiles/Bez5285.png,,,-,95
14220,Vikings,us,false,1793,images/profiles/Bez14220.png,,,-,96
7344,miguel6456,es,false,1780,images/profiles/Bez7344.png,,,-,97
21431,Karmakaze,pt,false,1761,images/profiles/Bez21431.png,,,-,98
6630,illyes,fr,false,1738,images/profiles/Bez6630.png,,,-,99
21426,lus,br,false,1727,images/profiles/Bez21426.png,,,-,100
24272,Florned,ru,false,1720,images/profiles/Bez24272.png,,,-,101
14236,TFIBB,us,false,1712,images/profiles/Bez14236.png,,,-,102
15789,Kole,world,false,1711,images/profiles/Bez15789.png,,,-,103
21427,LuckyL4,us,false,1706,images/profiles/Bez21427.png,,,-,104
16497,PersonHuman42,au,false,1701,images/profiles/Bez16497.png,,,-,105
14209,zGamerdude,us,false,1691,images/profiles/Bez14209.png,,,-,106
3912,JabkaGD,ru,false,1660,images/profiles/Bez3912.png,,,-,107
46877,eternalluna,cn,false,1659,images/profiles/Bez46877.png,,,-,108
14457,zoe,us,false,1654,images/profiles/Bez14457.png,,,-,109
3702,fusion425,us,false,1649,images/profiles/Bez3702.png,,,-,110
13962,Bigthunder556,us,false,1630,images/profiles/Bez13962.png,,,-,111
5562,vvay,ru,false,1628,images/profiles/Bez5562.png,,,-,112
5600,truegaymer,ru,false,1620,images/profiles/Bez5600.png,,,-,113
14543,skzyl,us,false,1616,images/profiles/Bez14543.png,,,-,114
16573,Zeroxy,no,false,1598,images/profiles/Bez16573.png,,,-,115
19032,steelik,ru,false,1582,images/profiles/Bez19032.png,,,-,116
5609,itzhealer,ru,false,1568,images/profiles/Bez5609.png,,,-,117
13504,Light,ru,false,1565,images/profiles/Bez13504.png,,,-,118
13312,noname228gg,ru,false,1562,images/profiles/Bez13312.png,,,-,119
5728,microforest,ru,false,1558,images/profiles/Bez5728.png,,,-,120
6603,W1nda,ru,false,1551,images/profiles/Bez6603.png,,,-,121
14531,Surrounded,gb,false,1549,images/profiles/Bez14531.png,,,-,122
6711,foxyan17_,ru,false,1541,images/profiles/Bez6711.png,,,-,123
7410,RAFFOX,world,false,1530,images/profiles/Bez7410.png,,,-,124
13734,Samot,world,false,1509,images/profiles/Bez13734.png,,,-,125
32795,agonom,kr,false,1489,images/profiles/Bez32795.png,,,-,126
14166,VxMasTeR,ro,false,1483,images/profiles/Bez14166.png,,,-,127
6886,TimsTeam,ru,false,1475,images/profiles/Bez6886.png,,,-,128
5531,Denni,ru,false,1449,images/profiles/Bez5531.png,,,-,129
24540,cbrem,gb,false,1447,images/profiles/Bez24540.png,,,-,130
14444,cobrablitz,us,false,1436,images/profiles/Bez14444.png,,,-,131
3667,noxell,ru,false,1427,images/profiles/Bez3667.png,,,-,132
5597,itzgeron,ru,false,1409,images/profiles/Bez5597.png,,,-,133
47170,Duv,world,false,1397,images/profiles/Bez47170.png,,,-,134
396,oginn,ru,false,1397,images/profiles/Bez396.png,,,-,135
879,Theitha,world,false,1383,images/profiles/Bez879.png,,,-,136
1915,klimk,ru,false,1378,images/profiles/Bez1915.png,,,-,137
13852,zStucc,it,false,1374,images/profiles/Bez13852.png,,,-,138
20033,peekingurangle,au,false,1364,images/profiles/Bez20033.png,,,-,139
5792,Airez,ru,false,1356,images/profiles/Bez5792.png,,,-,140
5565,Tazik,ru,false,1356,images/profiles/Bez5565.png,,,-,141
18702,sawyer,us,false,1348,images/profiles/Bez18702.png,,,-,142
6617,UzuDen,ru,false,1335,images/profiles/Bez6617.png,,,-,143
16571,Diamond,world,false,1328,images/profiles/Bez16571.png,,,-,144
14800,Blebae,kr,false,1315,images/profiles/Bez14800.png,,,-,145
14522,Mariner,fi,false,1312,images/profiles/Bez14522.png,,,-,146
16500,Adri420,es,false,1299,images/profiles/Bez16500.png,,,-,147
16541,Scotchtape,us,false,1284,images/profiles/Bez16541.png,,,-,148
26049,vccic,br,false,1271,images/profiles/Bez26049.png,,,-,149
18724,EdwardUKraine,gb,false,1270,images/profiles/Bez18724.png,,,-,150
14562,Brumik,world,false,1268,images/profiles/Bez14562.png,,,-,151
19049,yunhr,kr,false,1264,images/profiles/Bez19049.png,,,-,152
16580,yolomodeboom,world,false,1228,images/profiles/Bez16580.png,,,-,153
13963,Hipo,world,false,1224,images/profiles/Bez13963.png,,,-,154
14250,Zeronium,ca,false,1209,images/profiles/Bez14250.png,,,-,155
49631,Korppu,fi,false,1194,images/profiles/Bez49631.png,,,-,156
5529,Kopyedz,ru,false,1193,images/profiles/Bez5529.png,,,-,157
5606,Abstract,ru,false,1192,images/profiles/Bez5606.png,,,-,158
15791,DiamondSplash,us,false,1182,images/profiles/Bez15791.png,,,-,159
3729,lamped,ru,false,1173,images/profiles/Bez3729.png,,,-,160
13457,MrOozer,au,false,1153,images/profiles/Bez13457.png,,,-,161
14467,Nocturina,us,false,1153,images/profiles/Bez14467.png,,,-,162
8973,clubflocked,ua,false,1138,images/profiles/Bez8973.png,,,-,163
14476,PaltaDash,world,false,1129,images/profiles/Bez14476.png,,,-,164
14179,Franzy,world,false,1126,images/profiles/Bez14179.png,,,-,165
17204,LOL123,se,false,1124,images/profiles/Bez17204.png,,,-,166
3718,coubitic,fr,false,1120,images/profiles/Bez3718.png,,,-,167
29348,Horuszed,world,false,1118,images/profiles/Bez29348.png,,,-,168
28303,cc478,us,false,1116,images/profiles/Bez28303.png,,,-,169
51308,Dustabounds,us,false,1112,images/profiles/Bez51308.png,,,-,170
14559,bims,de,false,1110,images/profiles/Bez14559.png,,,-,171
2141,никита тырышкин,ru,false,1098,images/profiles/Bez2141.png,,,-,172
17526,privarskii,ru,false,1093,images/profiles/Bez17526.png,,,-,173
14461,Litoks,fr,false,1072,images/profiles/Bez14461.png,,,-,174
54823,Thelifinof,us,false,1066,images/profiles/Bez54823.png,,,-,175
56740,Trolly1,us,false,1059,images/profiles/Bez56740.png,,,-,176
17030,ad3usgmd,ru,false,1057,images/profiles/Bez17030.png,,,-,177
47895,HumbleGoat216,se,false,1044,images/profiles/Bez47895.png,,,-,178
41349,Craig0,world,false,1038,images/profiles/Bez41349.png,,,-,179
5566,Fluget,ua,false,1033,images/profiles/Bez5566.png,,,-,180
14489,Gokill,pl,false,1029,images/profiles/Bez14489.png,,,-,181
14211,notd4n1,it,false,1026,images/profiles/Bez14211.png,,,-,182
5892,Teyyo,hu,false,1024,images/profiles/Bez5892.png,,,-,183
26713,fxpusphire,pl,false,1009,images/profiles/Bez26713.png,,,-,184
7201,stipgmd,ru,false,1005,images/profiles/Bez7201.png,,,-,185
14547,theworldofme,us,false,1003,images/profiles/Bez14547.png,,,-,186
14247,wity26,es,false,996,images/profiles/Bez14247.png,,,-,187
18704,Harhir,fi,false,995,images/profiles/Bez18704.png,,,-,188
23696,Toxical,world,false,973,images/profiles/Bez23696.png,,,-,189
51346,wFishe,es,false,960,images/profiles/Bez51346.png,,,-,190
16576,RaeveZ,world,false,948,images/profiles/Bez16576.png,,,-,191
5534,The_Bat0,ru,false,948,images/profiles/Bez5534.png,,,-,192
14231,Modlini,us,false,946,images/profiles/Bez14231.png,,,-,193
56287,XBelugaX,es,false,945,images/profiles/Bez56287.png,,,-,194
5595,BurgerR,ru,false,936,images/profiles/Bez5595.png,,,-,195
3697,MAXER GD,ru,false,929,images/profiles/Bez3697.png,,,-,196
14463,Donei GD,world,false,926,images/profiles/Bez14463.png,,,-,197
15892,Dezstro,nz,false,922,images/profiles/Bez15892.png,,,-,198
14542,Yuuwi,world,false,920,images/profiles/Bez14542.png,,,-,199
3683,АБУБУБАБУДЖАК,ru,false,911,images/profiles/Bez3683.png,,,-,200
13163,oguzok69,ru,false,911,images/profiles/Bez13163.png,,,-,201
14429,VERTOP,ru,false,909,images/profiles/Bez14429.png,,,-,202
17354,theopex58,ua,false,903,images/profiles/Bez17354.png,,,-,203
16534,DNM121,kr,false,900,images/profiles/Bez16534.png,,,-,204
21168,FoJoTaigne,by,false,888,images/profiles/Bez21168.png,,,-,205
18847,GGonop,fi,false,868,images/profiles/Bez18847.png,,,-,206
261,Joker,ru,false,850,images/profiles/Bez261.png,,,-,207
19894,Meyrist,world,false,845,images/profiles/Bez19894.png,,,-,208
14540,Goanga,ro,false,840,images/profiles/Bez14540.png,,,-,209
6786,Sm1leX,by,false,835,images/profiles/Bez6786.png,,,-,210
13691,iamfinley,gb,false,833,images/profiles/Bez13691.png,,,-,211
14560,DJ1482,us,false,831,images/profiles/Bez14560.png,,,-,212
14301,vonic,world,false,819,images/profiles/Bez14301.png,,,-,213
56742,mancersito,es,false,818,images/profiles/Bez56742.png,,,-,214
5578,LordVadercraft,us,false,818,images/profiles/Bez5578.png,,,-,215
14153,LilGig,us,false,813,images/profiles/Bez14153.png,,,-,216
14434,DoSh7t,world,false,813,images/profiles/Bez14434.png,,,-,217
14862,Lukie,us,false,812,images/profiles/Bez14862.png,,,-,218
14548,brite,it,false,811,images/profiles/Bez14548.png,,,-,219
21432,GDwavedash,gb,false,790,images/profiles/Bez21432.png,,,-,220
36352,Korb,fi,false,789,images/profiles/Bez36352.png,,,-,221
17566,M1nerB0ss,ua,false,787,images/profiles/Bez17566.png,,,-,222
14234,RG,ca,false,778,images/profiles/Bez14234.png,,,-,223
24711,lenii,world,false,776,images/profiles/Bez24711.png,,,-,224
42525,berth,au,false,770,images/profiles/Bez42525.png,,,-,225
6692,Yanlici,fr,false,764,images/profiles/Bez6692.png,,,-,226
29246,Ozone,us,false,749,images/profiles/Bez29246.png,,,-,227
14472,DraxitIII,fr,false,738,images/profiles/Bez14472.png,,,-,228
14369,wogyt,ru,false,735,images/profiles/Bez14369.png,,,-,229
19962,Vezz,ua,false,732,images/profiles/Bez19962.png,,,-,230
2143,safir,ru,false,729,images/profiles/Bez2143.png,,,-,231
3716,ked,fi,false,713,images/profiles/Bez3716.png,,,-,232
18540,TheRealLennyFeus,ru,false,707,images/profiles/Bez18540.png,,,-,233
14518,JannisTE,nl,false,706,images/profiles/Bez14518.png,,,-,234
14374,Dolphy,ru,false,702,images/profiles/Bez14374.png,,,-,235
23249,niwox_,world,false,700,images/profiles/Bez23249.png,,,-,236
5598,Dovi,ru,false,699,images/profiles/Bez5598.png,,,-,237
6991,Analitic,ru,false,697,images/profiles/Bez6991.png,,,-,238
15790,Blackhole,world,false,693,images/profiles/Bez15790.png,,,-,239
16372,bufbat,us,false,690,images/profiles/Bez16372.png,,,-,240
16575,TheRealEandis,ru,false,688,images/profiles/Bez16575.png,,,-,241
15742,Emiliano56,world,false,679,images/profiles/Bez15742.png,,,-,242
29405,MateoGD04,world,false,677,images/profiles/Bez29405.png,,,-,243
32412,DeividG,world,false,672,images/profiles/Bez32412.png,,,-,244
14645,CookieIsMine,us,false,665,images/profiles/Bez14645.png,,,-,245
14225,Technical,us,false,658,images/profiles/Bez14225.png,,,-,246
18648,Unlucky,de,false,658,images/profiles/Bez18648.png,,,-,247
18699,spookkd,us,false,656,images/profiles/Bez18699.png,,,-,248
16595,blazenik,world,false,654,images/profiles/Bez16595.png,,,-,249
7347,Diris:v,world,false,642,images/profiles/Bez7347.png,,,-,250
15788,Helix,us,false,628,images/profiles/Bez15788.png,,,-,251
14375,Za1LX,ru,false,627,images/profiles/Bez14375.png,,,-,252
25924,caillou,de,false,621,images/profiles/Bez25924.png,,,-,253
5605,maybee,by,false,620,images/profiles/Bez5605.png,,,-,254
3799,DeyLix,ru,false,612,images/profiles/Bez3799.png,,,-,255
15226,Aless50,world,false,610,images/profiles/Bez15226.png,,,-,256
13471,Moraye,ru,false,605,images/profiles/Bez13471.png,,,-,257
33020,pimpolluelo_,world,false,593,images/profiles/Bez33020.png,,,-,258
18245,seels,us,false,586,images/profiles/Bez18245.png,,,-,259
17362,Arial,ru,false,586,images/profiles/Bez17362.png,,,-,260
14729,el terror de las coneras,world,false,585,images/profiles/Bez14729.png,,,-,261
17212,WozertWW,ru,false,582,images/profiles/Bez17212.png,,,-,262
14475,Bradenbowl,us,false,582,images/profiles/Bez14475.png,,,-,263
14189,NLShorty,ca,false,581,images/profiles/Bez14189.png,,,-,264
31067,houndslit,us,false,580,images/profiles/Bez31067.png,,,-,265
16554,IcaroX,kr,false,576,images/profiles/Bez16554.png,,,-,266
13779,Tortric,us,false,572,images/profiles/Bez13779.png,,,-,267
14533,Dice88,us,false,572,images/profiles/Bez14533.png,,,-,268
18611,G3_Gaming,us,false,571,images/profiles/Bez18611.png,,,-,269
6090,lovemycorpse,ru,false,568,images/profiles/Bez6090.png,,,-,270
21425,adobo,world,false,567,images/profiles/Bez21425.png,,,-,271
45958,Icanplayz,us,false,556,images/profiles/Bez45958.png,,,-,272
6585,ItzQueney,by,false,553,images/profiles/Bez6585.png,,,-,273
14468,ezvie,us,false,552,images/profiles/Bez14468.png,,,-,274
14642,Kramujo,br,false,548,images/profiles/Bez14642.png,,,-,275
6607,Flik,ru,false,547,images/profiles/Bez6607.png,,,-,276
2,delver,ru,false,545,images/profiles/Bez2.png,,,-,277
13732,Bamvie,us,false,544,images/profiles/Bez13732.png,,,-,278
89,deeznutes,ru,false,541,images/profiles/Bez89.png,,,-,279
45,Syro,de,false,539,images/profiles/Bez45.png,,,-,280
14455,Baeru,kr,false,537,images/profiles/Bez14455.png,,,-,281
14471,Улыбочку [GD],ru,false,534,images/profiles/Bez14471.png,,,-,282
14448,Fluxe,world,false,529,images/profiles/Bez14448.png,,,-,283
14191,Teno,de,false,524,images/profiles/Bez14191.png,,,-,284
18111,сквазар,ru,false,521,images/profiles/Bez18111.png,,,-,285
14516,TheTerrBonnie,es,false,519,images/profiles/Bez14516.png,,,-,286
30382,majin,nl,false,519,images/profiles/Bez30382.png,,,-,287
6727,FandomM,ru,false,519,images/profiles/Bez6727.png,,,-,288
37878,CHOOONK,us,false,519,images/profiles/Bez37878.png,,,-,289
5561,ver1us,ru,false,516,images/profiles/Bez5561.png,,,-,290
15863,then00boy,it,false,508,images/profiles/Bez15863.png,,,-,291
14185,DarkTD,us,false,506,images/profiles/Bez14185.png,,,-,292
14741,aidsen,us,false,503,images/profiles/Bez14741.png,,,-,293
14639,gotsmile,br,false,501,images/profiles/Bez14639.png,,,-,294
16471,slimepesoz,us,false,500,images/profiles/Bez16471.png,,,-,295
13670,Scep,au,false,500,images/profiles/Bez13670.png,,,-,296
19854,JaxonGD,us,false,498,images/profiles/Bez19854.png,,,-,297
14537,swiborg,gb,false,496,images/profiles/Bez14537.png,,,-,298
5858,Sangkan147,world,false,496,images/profiles/Bez5858.png,,,-,299
14129,voicechatping,world,false,493,images/profiles/Bez14129.png,,,-,300
5381,exsii,ru,false,489,images/profiles/Bez5381.png,,,-,301
14355,ronrjkw,us,false,486,images/profiles/Bez14355.png,,,-,302
35492,Chiikawa,world,false,484,images/profiles/Bez35492.png,,,-,303
5227,SpirteX,ru,false,483,images/profiles/Bez5227.png,,,-,304
13667,Cryonix6000,us,false,476,images/profiles/Bez13667.png,,,-,305
35807,xAntisune,world,false,471,images/profiles/Bez35807.png,,,-,306
13739,wwdonut,us,false,471,images/profiles/Bez13739.png,,,-,307
14495,RicoLP,at,false,470,images/profiles/Bez14495.png,,,-,308
14459,AidanTR,us,false,465,images/profiles/Bez14459.png,,,-,309
21129,forewad,ru,false,460,images/profiles/Bez21129.png,,,-,310
14551,skeebOwO,us,false,453,images/profiles/Bez14551.png,,,-,311
6040,PaulaGPe,es,false,453,images/profiles/Bez6040.png,,,-,312
10329,BloodyCat,ru,false,452,images/profiles/Bez10329.png,,,-,313
7560,SashaKray,ru,false,449,images/profiles/Bez7560.png,,,-,314
14439,Pixeldragon42,ca,false,448,images/profiles/Bez14439.png,,,-,315
27534,NailedGD,ru,false,441,images/profiles/Bez27534.png,,,-,316
21325,Garbagee,ru,false,440,images/profiles/Bez21325.png,,,-,317
14465,Swooker,world,false,439,images/profiles/Bez14465.png,,,-,318
14643,SVEN,ru,false,437,images/profiles/Bez14643.png,,,-,319
3287,Ablixa,ru,false,437,images/profiles/Bez3287.png,,,-,320
16542,Timy,us,false,432,images/profiles/Bez16542.png,,,-,321
5442,ItzTayfun,world,false,431,images/profiles/Bez5442.png,,,-,322
20954,CoJong,kr,false,430,images/profiles/Bez20954.png,,,-,323
6041,Yumiro4ka,ru,false,428,images/profiles/Bez6041.png,,,-,324
18311,playlino,pl,false,420,images/profiles/Bez18311.png,,,-,325
3668,redd,au,false,416,images/profiles/Bez3668.png,,,-,326
20131,Fexty,world,false,413,images/profiles/Bez20131.png,,,-,327
14714,Pluntix,world,false,411,images/profiles/Bez14714.png,,,-,328
20016,cold,pl,false,409,images/profiles/Bez20016.png,,,-,329
5532,GoldiX,ru,false,409,images/profiles/Bez5532.png,,,-,330
6293,meanssq,world,false,404,images/profiles/Bez6293.png,,,-,331
21374,hundeguten,no,false,404,images/profiles/Bez21374.png,,,-,332
21424,corz1324,world,false,403,images/profiles/Bez21424.png,,,-,333
5883,RiVeL,world,false,401,images/profiles/Bez5883.png,,,-,334
8964,dizbro,us,false,400,images/profiles/Bez8964.png,,,-,335
14372,Slijee,ca,false,400,images/profiles/Bez14372.png,,,-,336
40519,betomagniv,world,false,396,images/profiles/Bez40519.png,,,-,337
20017,Mixasuspa,world,false,395,images/profiles/Bez20017.png,,,-,338
14458,Beastular,us,false,394,images/profiles/Bez14458.png,,,-,339
13840,Viwi,pt,false,392,images/profiles/Bez13840.png,,,-,340
28737,aidanhh,gb,false,392,images/profiles/Bez28737.png,,,-,341
10783,WhiteCaten,ru,false,390,images/profiles/Bez10783.png,,,-,342
16530,Lobster,ca,false,389,images/profiles/Bez16530.png,,,-,343
14432,Vision,world,false,389,images/profiles/Bez14432.png,,,-,344
9808,Luciid,world,false,388,images/profiles/Bez9808.png,,,-,345
21899,ImJuls,ca,false,388,images/profiles/Bez21899.png,,,-,346
28735,aiden_,us,false,388,images/profiles/Bez28735.png,,,-,347
16709,Dvadie,ru,false,385,images/profiles/Bez16709.png,,,-,348
14464,LaserGD,es,false,383,images/profiles/Bez14464.png,,,-,349
5602,temakiler.,ru,false,381,images/profiles/Bez5602.png,,,-,350
16503,Cymmas,gb,false,380,images/profiles/Bez16503.png,,,-,351
14470,Kandai,de,false,380,images/profiles/Bez14470.png,,,-,352
14633,Byleom,pl,false,374,images/profiles/Bez14633.png,,,-,353
16574,OneAlphaHelix,us,false,370,images/profiles/Bez16574.png,,,-,354
3722,MrMauster,ru,false,368,images/profiles/Bez3722.png,,,-,355
7130,Hardcore507,ru,false,367,images/profiles/Bez7130.png,,,-,356
16996,zTito,ru,false,367,images/profiles/Bez16996.png,,,-,357
14460,Pohgii,us,false,364,images/profiles/Bez14460.png,,,-,358
14441,Jabron,ca,false,363,images/profiles/Bez14441.png,,,-,359
6800,zontex,ru,false,362,images/profiles/Bez6800.png,,,-,360
14488,Crisis,world,false,359,images/profiles/Bez14488.png,,,-,361
15022,spcreat,us,false,359,images/profiles/Bez15022.png,,,-,362
14757,Karpo,kz,false,358,images/profiles/Bez14757.png,,,-,363
15787,KenosSongReal,us,false,357,images/profiles/Bez15787.png,,,-,364
7179,Xywix,fr,false,356,images/profiles/Bez7179.png,,,-,365
60527,Brian_Cheese,ca,false,356,images/profiles/Bez60527.png,,,-,366
13462,Bleamer,ru,false,355,images/profiles/Bez13462.png,,,-,367
14493,Victurkey,ru,false,353,images/profiles/Bez14493.png,,,-,368
33417,Imbeemed,ru,false,352,images/profiles/Bez33417.png,,,-,369
14103,Demishio,jp,false,348,images/profiles/Bez14103.png,,,-,370
29481,Sharpzera,br,false,348,images/profiles/Bez29481.png,,,-,371
14239,stillsouless,us,false,346,images/profiles/Bez14239.png,,,-,372
16971,Sera223,ru,false,345,images/profiles/Bez16971.png,,,-,373
14451,sykaav,world,false,345,images/profiles/Bez14451.png,,,-,374
14491,Kyasshukodo,us,false,344,images/profiles/Bez14491.png,,,-,375
5608,SardinaGD,ru,false,343,images/profiles/Bez5608.png,,,-,376
19402,Sogak,kr,false,343,images/profiles/Bez19402.png,,,-,377
1675,Tsumiki Miniwa,ru,false,342,images/profiles/Bez1675.png,,,-,378
17448,kweilyyy,ru,false,341,images/profiles/Bez17448.png,,,-,379
14715,Flexx,world,false,341,images/profiles/Bez14715.png,,,-,380
13761,recsysice,world,false,341,images/profiles/Bez13761.png,,,-,381
19963,bladersb,world,false,340,images/profiles/Bez19963.png,,,-,382
20858,Norealis,world,false,340,images/profiles/Bez20858.png,,,-,383
14586,Silpet,world,false,336,images/profiles/Bez14586.png,,,-,384
23164,Al3xTT,it,false,336,images/profiles/Bez23164.png,,,-,385
47339,madrezulas,world,false,336,images/profiles/Bez47339.png,,,-,386
14449,Tuggy,ca,false,334,images/profiles/Bez14449.png,,,-,387
17350,Skylar06uwu,world,false,333,images/profiles/Bez17350.png,,,-,388
14249,Jori,us,false,333,images/profiles/Bez14249.png,,,-,389
19664,Ywywwww,world,false,327,images/profiles/Bez19664.png,,,-,390
14520,TRSouLess,us,false,327,images/profiles/Bez14520.png,,,-,391
5788,LunarSpark,pt,false,325,images/profiles/Bez5788.png,,,-,392
15817,daky,world,false,325,images/profiles/Bez15817.png,,,-,393
13736,Wolvez,se,false,324,images/profiles/Bez13736.png,,,-,394
6679,wozes,world,false,321,images/profiles/Bez6679.png,,,-,395
6757,ArtCZzz,ru,false,320,images/profiles/Bez6757.png,,,-,396
18721,Saitama,fr,false,319,images/profiles/Bez18721.png,,,-,397
19612,Neiro,ua,false,319,images/profiles/Bez19612.png,,,-,398
14640,CoolBonnie1987,us,false,316,images/profiles/Bez14640.png,,,-,399
3794,HotNooB,ru,false,316,images/profiles/Bez3794.png,,,-,400
18722,Rizekk,world,false,315,images/profiles/Bez18722.png,,,-,401
13728,Tylor,us,false,315,images/profiles/Bez13728.png,,,-,402
14469,jonah,us,false,314,images/profiles/Bez14469.png,,,-,403
56469,edyn111,world,false,314,images/profiles/Bez56469.png,,,-,404
10600,sw1rpyy7,ru,false,314,images/profiles/Bez10600.png,,,-,405
14456,enfix,ca,false,313,images/profiles/Bez14456.png,,,-,406
8848,untise,ua,false,313,images/profiles/Bez8848.png,,,-,407
3715,Tendo,ru,false,312,images/profiles/Bez3715.png,,,-,408
13841,Tom,ca,false,312,images/profiles/Bez13841.png,,,-,409
18723,strawberry,us,false,312,images/profiles/Bez18723.png,,,-,410
10433,serkname,ru,false,311,images/profiles/Bez10433.png,,,-,411
3701,Tombstone,de,false,310,images/profiles/Bez3701.png,,,-,412
14492,Kelvin,gb,false,308,images/profiles/Bez14492.png,,,-,413
20649,Spoken04,ru,false,308,images/profiles/Bez20649.png,,,-,414
27900,Bracus,world,false,305,images/profiles/Bez27900.png,,,-,415
53440,goobs47,us,false,304,images/profiles/Bez53440.png,,,-,416
155,Deji,world,false,301,images/profiles/Bez155.png,,,-,417
5730,Tami,kz,false,301,images/profiles/Bez5730.png,,,-,418
17548,NONERUP(чай),ru,false,296,images/profiles/Bez17548.png,,,-,419
35406,Antonn26,world,false,293,images/profiles/Bez35406.png,,,-,420
7110,Oniii,ru,false,289,images/profiles/Bez7110.png,,,-,421
15948,Lavatrex,world,false,288,images/profiles/Bez15948.png,,,-,422
22033,w5678rr,nl,false,287,images/profiles/Bez22033.png,,,-,423
14494,DTDom,world,false,286,images/profiles/Bez14494.png,,,-,424
13833,Wain,world,false,282,images/profiles/Bez13833.png,,,-,425
32436,geodom,us,false,282,images/profiles/Bez32436.png,,,-,426
27236,graam,world,false,281,images/profiles/Bez27236.png,,,-,427
13668,Lucidium,ca,false,280,images/profiles/Bez13668.png,,,-,428
41363,9i,kr,false,280,images/profiles/Bez41363.png,,,-,429
5917,Eiriley,world,false,272,images/profiles/Bez5917.png,,,-,430
14935,Lazer,by,false,272,images/profiles/Bez14935.png,,,-,431
32718,calinos,ro,false,271,images/profiles/Bez32718.png,,,-,432
31705,qxwr_,world,false,271,images/profiles/Bez31705.png,,,-,433
3720,Magnetar亥,ru,false,267,images/profiles/Bez3720.png,,,-,434
15854,Slithium,world,false,267,images/profiles/Bez15854.png,,,-,435
19045,Yami,ru,false,266,images/profiles/Bez19045.png,,,-,436
14526,Hyperlith,us,false,264,images/profiles/Bez14526.png,,,-,437
26780,Nizelix,ru,false,260,images/profiles/Bez26780.png,,,-,438
13709,CringyDylan,br,false,259,images/profiles/Bez13709.png,,,-,439
14442,NotNickOk,us,false,258,images/profiles/Bez14442.png,,,-,440
38776,Ninde,fi,false,258,images/profiles/Bez38776.png,,,-,441
20064,McCoco,fi,false,257,images/profiles/Bez20064.png,,,-,442
38692,Snickerbar,world,false,256,images/profiles/Bez38692.png,,,-,443
18387,TOWAGD,ua,false,250,images/profiles/Bez18387.png,,,-,444
5563,Pozzitif_,ru,false,248,images/profiles/Bez5563.png,,,-,445
6798,Zimbae,ru,false,246,images/profiles/Bez6798.png,,,-,446
3698,Skarro,us,false,241,images/profiles/Bez3698.png,,,-,447
40025,kula,pl,false,240,images/profiles/Bez40025.png,,,-,448
3719,Vir3x,ru,false,239,images/profiles/Bez3719.png,,,-,449
14158,AleczD,world,false,239,images/profiles/Bez14158.png,,,-,450
4964,Zlonik,ru,false,239,images/profiles/Bez4964.png,,,-,451
6619,forza,ru,false,239,images/profiles/Bez6619.png,,,-,452
14587,GarminBro,us,false,238,images/profiles/Bez14587.png,,,-,453
5596,frol1k,world,false,237,images/profiles/Bez5596.png,,,-,454
14233,Twister21,fr,false,237,images/profiles/Bez14233.png,,,-,455
17061,Osmo,fr,false,237,images/profiles/Bez17061.png,,,-,456
3699,russo,us,false,237,images/profiles/Bez3699.png,,,-,457
13733,Tyson,au,false,234,images/profiles/Bez13733.png,,,-,458
17375,Borde,us,false,234,images/profiles/Bez17375.png,,,-,459
6839,Weiwot,ru,false,234,images/profiles/Bez6839.png,,,-,460
16532,MatsuoIsHere,world,false,233,images/profiles/Bez16532.png,,,-,461
17465,nikabri,ru,false,233,images/profiles/Bez17465.png,,,-,462
21102,NeRz1,ru,false,233,images/profiles/Bez21102.png,,,-,463
1857,MobileBot,world,false,232,images/profiles/Bez1857.png,,,-,464
23835,SevenTrack,fr,false,231,images/profiles/Bez23835.png,,,-,465
6810,maximizee,ru,false,231,images/profiles/Bez6810.png,,,-,466
46090,LotusBird,world,false,230,images/profiles/Bez46090.png,,,-,467
14699,bunvee,pt,false,230,images/profiles/Bez14699.png,,,-,468
23461,Hulunn,ro,false,229,images/profiles/Bez23461.png,,,-,469
3661,Arrmor,ru,false,228,images/profiles/Bez3661.png,,,-,470
13500,Anileyy,ru,false,227,images/profiles/Bez13500.png,,,-,471
14221,Skycrab,no,false,227,images/profiles/Bez14221.png,,,-,472
21275,amikkie,ru,false,226,images/profiles/Bez21275.png,,,-,473
15827,zGabriel,ca,false,225,images/profiles/Bez15827.png,,,-,474
16084,Amplitron,us,false,225,images/profiles/Bez16084.png,,,-,475
14400,ZeykerGD,world,false,225,images/profiles/Bez14400.png,,,-,476
27317,tteokk,us,false,225,images/profiles/Bez27317.png,,,-,477
21422,GalwayGuy,world,false,224,images/profiles/Bez21422.png,,,-,478
13817,Millinillion,world,false,224,images/profiles/Bez13817.png,,,-,479
14514,Bibu,de,false,223,images/profiles/Bez14514.png,,,-,480
6393,ZoD1aK,ru,false,223,images/profiles/Bez6393.png,,,-,481
5599,FaDoLog,pl,false,222,images/profiles/Bez5599.png,,,-,482
12473,vollord,ru,false,221,images/profiles/Bez12473.png,,,-,483
3731,HesAr,ru,false,221,images/profiles/Bez3731.png,,,-,484
2852,Conical,us,false,221,images/profiles/Bez2852.png,,,-,485
3691,MEGAVZRIVBARASHKI,ru,false,220,images/profiles/Bez3691.png,,,-,486
14589,Zombay,au,false,220,images/profiles/Bez14589.png,,,-,487
14597,Echo,gb,false,219,images/profiles/Bez14597.png,,,-,488
5863,абалдуй но не балбес!,world,false,218,images/profiles/Bez5863.png,,,-,489
6542,zreal,ru,false,216,images/profiles/Bez6542.png,,,-,490
7043,Abibus,ru,false,216,images/profiles/Bez7043.png,,,-,491
18813,BudgieParrot,world,false,215,images/profiles/Bez18813.png,,,-,492
6455,Maihem,ru,false,215,images/profiles/Bez6455.png,,,-,493
3348,Frozi,ru,false,214,images/profiles/Bez3348.png,,,-,494
18661,AvainPortti,fi,false,213,images/profiles/Bez18661.png,,,-,495
35791,SuperCSX,world,false,213,images/profiles/Bez35791.png,,,-,496
16053,crapideot,ca,false,213,images/profiles/Bez16053.png,,,-,497
14443,Zeekoid,au,false,210,images/profiles/Bez14443.png,,,-,498
12894,Lxfr,ru,false,210,images/profiles/Bez12894.png,,,-,499
48007,Cross,fi,false,210,images/profiles/Bez48007.png,,,-,500
14450,Buter,ru,false,208,images/profiles/Bez14450.png,,,-,503
13806,nei,fr,false,208,images/profiles/Bez13806.png,,,-,504
15858,nSwish,us,false,200,images/profiles/Bez15858.png,,,-,529
14546,Nicor77,de,false,194,images/profiles/Bez14546.png,,,-,541
15861,polterghast,world,false,186,images/profiles/Bez15861.png,,,-,558
7411,Jenath,es,false,183,images/profiles/Bez7411.png,,,-,561
18161,murderrr,it,false,181,images/profiles/Bez18161.png,,,-,563
14257,Th13teen,us,false,170,images/profiles/Bez14257.png,,,-,571
14558,Luqualizer,us,false,167,images/profiles/Bez14558.png,,,-,574
14556,LuigiDB,ca,false,166,images/profiles/Bez14556.png,,,-,575
3693,dollarolla,world,false,160,images/profiles/Bez3693.png,,,-,581
14550,SeptaGon7,us,false,156,images/profiles/Bez14550.png,,,-,584
19667,Adhafera,us,false,151,images/profiles/Bez19667.png,,,-,594
30905,cobblestone,world,false,150,images/profiles/Bez30905.png,,,-,595
14599,Varium,au,false,146,images/profiles/Bez14599.png,,,-,599
14552,Xanii,pt,false,139,images/profiles/Bez14552.png,,,-,612
15191,rose,fr,false,137,images/profiles/Bez15191.png,,,-,615
15857,kyoto,gb,false,135,images/profiles/Bez15857.png,,,-,622
13711,BrianTheBurger,us,false,132,images/profiles/Bez13711.png,,,-,627
14237,JakeEP,gb,false,129,images/profiles/Bez14237.png,,,-,630
13459,s3batr0nic,ca,false,127,images/profiles/Bez13459.png,,,-,636
5570,Freikz,world,false,125,images/profiles/Bez5570.png,,,-,642
5781,ViZeris,ru,false,123,images/profiles/Bez5781.png,,,-,647
14240,Dan2D,us,false,122,images/profiles/Bez14240.png,,,-,649
14229,vaen,us,false,119,images/profiles/Bez14229.png,,,-,655
25600,Erixen,kr,false,118,images/profiles/Bez25600.png,,,-,659
13470,luxer,world,false,116,images/profiles/Bez13470.png,,,-,663
16567,VoTcHi,kr,false,116,images/profiles/Bez16567.png,,,-,665
34407,Foxdee,world,false,115,images/profiles/Bez34407.png,,,-,668
14446,Koreaqwer,kr,false,115,images/profiles/Bez14446.png,,,-,669
16559,Miro,kr,false,115,images/profiles/Bez16559.png,,,-,670
7,YoshiL,fr,false,98,images/profiles/Bez7.png,,,-,715
14172,Keir,us,false,97,images/profiles/Bez14172.png,,,-,716
6599,Willow,ca,false,97,images/profiles/Bez6599.png,,,-,719
14771,kiseta,us,false,97,images/profiles/Bez14771.png,,,-,720
14248,npesta,us,false,93,images/profiles/Bez14248.png,,,-,728
5729,Nexi,by,false,92,images/profiles/Bez5729.png,,,-,729
3696,zSquidKnight,us,false,92,images/profiles/Bez3696.png,,,-,730
7215,qAz123,ru,false,91,images/profiles/Bez7215.png,,,-,733
13708,Timo,us,false,89,images/profiles/Bez13708.png,,,-,739
28438,DijonGD,world,false,87,images/profiles/Bez28438.png,,,-,745
14063,BUNNYGRAM,us,false,86,images/profiles/Bez14063.png,,,-,748
16590,Tizetre,fr,false,83,images/profiles/Bez16590.png,,,-,751
14618,lolwut,us,false,82,images/profiles/Bez14618.png,,,-,757
14528,TheNixuzGD200,world,false,82,images/profiles/Bez14528.png,,,-,758
14087,Dorami,kr,false,79,images/profiles/Bez14087.png,,,-,771
150,exerity,us,false,79,images/profiles/Bez150.png,,,-,772
15953,MinYong,kr,false,78,images/profiles/Bez15953.png,,,-,774
14251,Allex,ru,false,77,images/profiles/Bez14251.png,,,-,783
17731,hyperboll,ru,false,76,images/profiles/Bez17731.png,,,-,789
55854,Gnamolor,world,false,76,images/profiles/Bez55854.png,,,-,792
14254,Bosonic,us,false,75,images/profiles/Bez14254.png,,,-,793
14245,Magmeta,us,false,75,images/profiles/Bez14245.png,,,-,794
14553,Jif,us,false,74,images/profiles/Bez14553.png,,,-,799
20113,jupi,us,false,74,images/profiles/Bez20113.png,,,-,806
14579,TGM05,fr,false,73,images/profiles/Bez14579.png,,,-,808
6790,TyakyoFyai,ru,false,72,images/profiles/Bez6790.png,,,-,815
31597,Cork,world,false,71,images/profiles/Bez31597.png,,,-,823
14243,JHDash77,fi,false,70,images/profiles/Bez14243.png,,,-,825
12,NotHeco,fr,false,70,images/profiles/Bez12.png,,,-,826
16562,Mycrafted,us,false,70,images/profiles/Bez16562.png,,,-,828
878,Blankb,world,false,70,images/profiles/Bez878.png,,,-,829
16568,Almohadaless,es,false,67,images/profiles/Bez16568.png,,,-,846
14607,Kurumi,de,false,66,images/profiles/Bez14607.png,,,-,854
14770,ViewSonic,world,false,66,images/profiles/Bez14770.png,,,-,857
14575,joeingly,us,false,65,images/profiles/Bez14575.png,,,-,860
14627,WSCKR,us,false,62,images/profiles/Bez14627.png,,,-,873
14615,ultracauaHD,br,false,62,images/profiles/Bez14615.png,,,-,876
53437,Airi~,world,false,61,images/profiles/Bez53437.png,,,-,882
15855,AeonAir,no,false,60,images/profiles/Bez15855.png,,,-,886
14312,Enzeux,br,false,60,images/profiles/Bez14312.png,,,-,888
14536,nifty,world,false,59,images/profiles/Bez14536.png,,,-,898
3792,Hubertos,es,false,59,images/profiles/Bez3792.png,,,-,900
2381,orizu,ca,false,59,images/profiles/Bez2381.png,,,-,901
14718,Rainstorm,kr,false,58,images/profiles/Bez14718.png,,,-,903
3726,BrowarKedawar,pl,false,58,images/profiles/Bez3726.png,,,-,904
14244,Fenix,us,false,58,images/profiles/Bez14244.png,,,-,905
14622,ArtsiBurn,fi,false,57,images/profiles/Bez14622.png,,,-,912
14146,crazen,us,false,55,images/profiles/Bez14146.png,,,-,921
13834,Gelforce,us,false,55,images/profiles/Bez13834.png,,,-,923
14228,Nimbus,us,false,55,images/profiles/Bez14228.png,,,-,926
30903,Reffman,us,false,54,images/profiles/Bez30903.png,,,-,929
14260,Gizbro,us,false,54,images/profiles/Bez14260.png,,,-,930
14767,zPlasmaLust,kr,false,54,images/profiles/Bez14767.png,,,-,935
20677,Aerodynosaur,world,false,54,images/profiles/Bez20677.png,,,-,937
5882,fakeblast,br,false,53,images/profiles/Bez5882.png,,,-,938
13759,rori,world,false,53,images/profiles/Bez13759.png,,,-,941
14106,kovosrutek,world,false,51,images/profiles/Bez14106.png,,,-,954
14285,MrSpaghetti,fr,false,50,images/profiles/Bez14285.png,,,-,965
18903,z0rty,ru,false,50,images/profiles/Bez18903.png,,,-,966
15014,MaFFaKa,ru,false,49,images/profiles/Bez15014.png,,,-,971
14793,benedikT,at,false,49,images/profiles/Bez14793.png,,,-,976
14333,saturn,us,false,49,images/profiles/Bez14333.png,,,-,979
14176,SrGuillester,es,false,48,images/profiles/Bez14176.png,,,-,982
15867,patos,us,false,48,images/profiles/Bez15867.png,,,-,984
14602,Sevant,ru,false,46,images/profiles/Bez14602.png,,,-,996
13681,Mullsy,ca,false,46,images/profiles/Bez13681.png,,,-,999
16545,Laurendi,world,false,45,images/profiles/Bez16545.png,,,-,1004
14614,SpeedyMuffin,us,false,45,images/profiles/Bez14614.png,,,-,1009
14051,Fabricorn,us,false,45,images/profiles/Bez14051.png,,,-,1011
14224,Washed,us,false,44,images/profiles/Bez14224.png,,,-,1013
15630,Zoink Doink,us,false,44,images/profiles/Bez15630.png,,,-,1015
14089,Kainite,kr,false,42,images/profiles/Bez14089.png,,,-,1029
14411,wadur,us,false,42,images/profiles/Bez14411.png,,,-,1031
16563,Doli,be,false,42,images/profiles/Bez16563.png,,,-,1034
13808,Plus,ru,false,40,images/profiles/Bez13808.png,,,-,1056
14184,Comlayze,ca,false,39,images/profiles/Bez14184.png,,,-,1058
19978,Xcio122,ru,false,39,images/profiles/Bez19978.png,,,-,1060
6704,DimanDash,ua,false,39,images/profiles/Bez6704.png,,,-,1062
15438,lamp86,us,false,39,images/profiles/Bez15438.png,,,-,1063
6893,Polyden,ru,false,39,images/profiles/Bez6893.png,,,-,1065
15476,derf,world,false,39,images/profiles/Bez15476.png,,,-,1068
6349,LaeNs,ua,false,39,images/profiles/Bez6349.png,,,-,1070
14272,Tai0,ro,false,39,images/profiles/Bez14272.png,,,-,1071
29219,eviljoe,world,false,39,images/profiles/Bez29219.png,,,-,1072
14309,Kapinapi,pl,false,38,images/profiles/Bez14309.png,,,-,1079
14722,5shine,us,false,38,images/profiles/Bez14722.png,,,-,1084
34208,Frice,world,false,38,images/profiles/Bez34208.png,,,-,1087
14178,vulcanium4,de,false,37,images/profiles/Bez14178.png,,,-,1089
14763,zMarc,ca,false,37,images/profiles/Bez14763.png,,,-,1096
6661,ScorishaGD,ru,false,36,images/profiles/Bez6661.png,,,-,1098
16556,mac,world,false,36,images/profiles/Bez16556.png,,,-,1107
6049,vkrz,world,false,36,images/profiles/Bez6049.png,,,-,1109
14744,Demented,us,false,36,images/profiles/Bez14744.png,,,-,1111
3666,Sunix,world,false,35,images/profiles/Bez3666.png,,,-,1115
14072,ItzElectrix,us,false,35,images/profiles/Bez14072.png,,,-,1123
13870,HargChucu,kr,false,34,images/profiles/Bez13870.png,,,-,1126
28740,stuffingbrained,fi,false,34,images/profiles/Bez28740.png,,,-,1137
13693,Johnfree,world,false,34,images/profiles/Bez13693.png,,,-,1138
3685,luminovsky,ru,false,33,images/profiles/Bez3685.png,,,-,1146
15943,Colorbolt,us,false,33,images/profiles/Bez15943.png,,,-,1149
16508,Brandon Larkin,gb,false,33,images/profiles/Bez16508.png,,,-,1150
16180,youngs6,tr,false,32,images/profiles/Bez16180.png,,,-,1166
15667,Slayer,es,false,31,images/profiles/Bez15667.png,,,-,1175
6892,exotium,ru,false,31,images/profiles/Bez6892.png,,,-,1179
15976,Zipi,us,false,31,images/profiles/Bez15976.png,,,-,1183
3674,Kint,by,false,30,images/profiles/Bez3674.png,,,-,1188
14827,Extravagon,nz,false,30,images/profiles/Bez14827.png,,,-,1193
14765,Gabs,fr,false,29,images/profiles/Bez14765.png,,,-,1204
14114,Arveal,be,false,28,images/profiles/Bez14114.png,,,-,1223
2024,Nico GG,world,false,28,images/profiles/Bez2024.png,,,-,1228
14652,Matter,us,false,28,images/profiles/Bez14652.png,,,-,1234
14276,neoraptor,us,false,27,images/profiles/Bez14276.png,,,-,1238
18833,Kentik,pl,false,27,images/profiles/Bez18833.png,,,-,1244
15997,Mark Napkin,de,false,27,images/profiles/Bez15997.png,,,-,1245
14028,xJuan98,es,false,27,images/profiles/Bez14028.png,,,-,1247
14730,Kotamon,us,false,27,images/profiles/Bez14730.png,,,-,1248
14876,knoeppel,us,false,27,images/profiles/Bez14876.png,,,-,1249
14307,Dr4QuiTo,world,false,27,images/profiles/Bez14307.png,,,-,1254
14203,krystalite,world,false,27,images/profiles/Bez14203.png,,,-,1262
3604,Golden,gb,false,26,images/profiles/Bez3604.png,,,-,1273
15865,Swib,se,false,26,images/profiles/Bez15865.png,,,-,1278
6033,Gecko,gb,false,26,images/profiles/Bez6033.png,,,-,1279
14755,Stilluetto,us,false,26,images/profiles/Bez14755.png,,,-,1280
14580,SkyJax,world,false,25,images/profiles/Bez14580.png,,,-,1290
5785,SaturMan,ru,false,25,images/profiles/Bez5785.png,,,-,1297
14156,Cewew,pl,false,25,images/profiles/Bez14156.png,,,-,1304
14090,Nexus,us,false,25,images/profiles/Bez14090.png,,,-,1311
14792,Zagros,us,false,25,images/profiles/Bez14792.png,,,-,1314
15870,Dorvict,dk,false,24,images/profiles/Bez15870.png,,,-,1317
20046,Elirpscalion,us,false,24,images/profiles/Bez20046.png,,,-,1319
3655,WatchPiggy,us,false,24,images/profiles/Bez3655.png,,,-,1328
13694,Terry Pinkleton,us,false,23,images/profiles/Bez13694.png,,,-,1350
14168,Pouche,fr,false,23,images/profiles/Bez14168.png,,,-,1354
22072,zamos,us,false,23,images/profiles/Bez22072.png,,,-,1358
15597,Spamdrew128,us,false,22,images/profiles/Bez15597.png,,,-,1376
14596,mastern,world,false,22,images/profiles/Bez14596.png,,,-,1377
19375,Hestonic,fr,false,22,images/profiles/Bez19375.png,,,-,1384
14612,vinny,us,false,21,images/profiles/Bez14612.png,,,-,1397
15021,Cersia,us,false,21,images/profiles/Bez15021.png,,,-,1401
14273,BlakeJM,us,false,21,images/profiles/Bez14273.png,,,-,1403
14094,MiniShoey,au,false,21,images/profiles/Bez14094.png,,,-,1406
14061,Metalface221,de,false,21,images/profiles/Bez14061.png,,,-,1409
14124,Floofle,us,false,21,images/profiles/Bez14124.png,,,-,1411
14212,Tinushi,us,false,21,images/profiles/Bez14212.png,,,-,1415
14781,nac,us,false,21,images/profiles/Bez14781.png,,,-,1420
9281,enimeoww,ru,false,21,images/profiles/Bez9281.png,,,-,1424
13750,D3lteX,ca,false,21,images/profiles/Bez13750.png,,,-,1425
13790,Temp,kr,false,21,images/profiles/Bez13790.png,,,-,1429
14053,Lia,gb,false,20,images/profiles/Bez14053.png,,,-,1436
13697,Nisha,kr,false,20,images/profiles/Bez13697.png,,,-,1440
15593,robotchief,us,false,20,images/profiles/Bez15593.png,,,-,1449
14112,Leaf,gb,false,20,images/profiles/Bez14112.png,,,-,1452
6027,foody,cn,false,20,images/profiles/Bez6027.png,,,-,1456
6749,kwezy,by,false,20,images/profiles/Bez6749.png,,,-,1457
14454,Zachiechan,kr,false,19,images/profiles/Bez14454.png,,,-,1463
14102,rWooshi,us,false,19,images/profiles/Bez14102.png,,,-,1485
14874,Meatius,world,false,19,images/profiles/Bez14874.png,,,-,1488
21163,frski,world,false,19,images/profiles/Bez21163.png,,,-,1498
14973,BoldStep,nz,false,18,images/profiles/Bez14973.png,,,-,1514
14778,Zephal,se,false,18,images/profiles/Bez14778.png,,,-,1520
3687,kathryn,world,false,18,images/profiles/Bez3687.png,,,-,1531
19309,Raqoo,ru,false,18,images/profiles/Bez19309.png,,,-,1532
16087,WhiteEmerald,world,false,18,images/profiles/Bez16087.png,,,-,1542
14727,Atomic,us,false,18,images/profiles/Bez14727.png,,,-,1548
14833,Moosh,us,false,17,images/profiles/Bez14833.png,,,-,1569
6801,Woose,ru,false,17,images/profiles/Bez6801.png,,,-,1570
5898,Jtarin,es,false,17,images/profiles/Bez5898.png,,,-,1576
13738,Almier,no,false,17,images/profiles/Bez13738.png,,,-,1583
13964,Yossarian,us,false,17,images/profiles/Bez13964.png,,,-,1586
15195,GMDomy,it,false,16,images/profiles/Bez15195.png,,,-,1592
3336,Neeple,ru,false,16,images/profiles/Bez3336.png,,,-,1596
14303,GMDElite,world,false,16,images/profiles/Bez14303.png,,,-,1599
14144,combi,de,false,16,images/profiles/Bez14144.png,,,-,1614
17482,maxler,gb,false,16,images/profiles/Bez17482.png,,,-,1615
14139,Hasik,pl,false,16,images/profiles/Bez14139.png,,,-,1620
16026,XavierS,us,false,16,images/profiles/Bez16026.png,,,-,1626
7139,Bibox,world,false,15,images/profiles/Bez7139.png,,,-,1630
14751,Noxop,fr,false,15,images/profiles/Bez14751.png,,,-,1631
14716,Magilex,world,false,15,images/profiles/Bez14716.png,,,-,1637
14274,Hexeract,gb,false,15,images/profiles/Bez14274.png,,,-,1645
14160,Plus0ne,pl,false,15,images/profiles/Bez14160.png,,,-,1650
15085,razsta4ax,world,false,15,images/profiles/Bez15085.png,,,-,1664
15946,DashY,fi,false,14,images/profiles/Bez15946.png,,,-,1687
15023,Blitzer,us,false,14,images/profiles/Bez15023.png,,,-,1707
13891,Trusta,se,false,14,images/profiles/Bez13891.png,,,-,1717
15196,D a G,us,false,14,images/profiles/Bez15196.png,,,-,1720
14847,crumche,us,false,14,images/profiles/Bez14847.png,,,-,1727
37515,mratomic,us,false,13,images/profiles/Bez37515.png,,,-,1750
14302,GDClutter,kr,false,13,images/profiles/Bez14302.png,,,-,1767
14853,Skulzi,world,false,13,images/profiles/Bez14853.png,,,-,1774
6395,culobdj,us,false,12,images/profiles/Bez6395.png,,,-,1800
14126,GuitarHeroStyles,es,false,12,images/profiles/Bez14126.png,,,-,1812
7741,Xander,world,false,12,images/profiles/Bez7741.png,,,-,1821
53003,destr,world,false,12,images/profiles/Bez53003.png,,,-,1874
8223,NikVer,ru,false,11,images/profiles/Bez8223.png,,,-,1882
14816,Ishigiru,ru,false,11,images/profiles/Bez14816.png,,,-,1886
37855,mmanh,us,false,10,images/profiles/Bez37855.png,,,-,1975
45532,akyrenaa,world,false,10,images/profiles/Bez45532.png,,,-,1978
3560,Astrala,world,false,10,images/profiles/Bez3560.png,,,-,1989
16538,khrizmass,ru,false,10,images/profiles/Bez16538.png,,,-,1995
6465,ballstealer,ru,false,10,images/profiles/Bez6465.png,,,-,2018
3808,blitzz,ua,false,10,images/profiles/Bez3808.png,,,-,2038
14831,Gablor,us,false,10,images/profiles/Bez14831.png,,,-,2041
6387,Dep96,world,false,9,images/profiles/Bez6387.png,,,-,2063
16557,NitroGunner,world,false,9,images/profiles/Bez16557.png,,,-,2070
14717,Ozzy,us,false,9,images/profiles/Bez14717.png,,,-,2081
14761,Prolix,us,false,9,images/profiles/Bez14761.png,,,-,2088
14828,Rain22,us,false,9,images/profiles/Bez14828.png,,,-,2089
14871,CaustiX,vn,false,9,images/profiles/Bez14871.png,,,-,2130
14814,VaporWubz,us,false,9,images/profiles/Bez14814.png,,,-,2135
24856,WailedDuke0004,gb,false,9,images/profiles/Bez24856.png,,,-,2164
15535,Kevelia,world,false,9,images/profiles/Bez15535.png,,,-,2172
14941,ALiveWizard,world,false,8,images/profiles/Bez14941.png,,,-,2197
9744,TheRealSter3o,ru,false,8,images/profiles/Bez9744.png,,,-,2242
14071,awesomeme360,world,false,7,images/profiles/Bez14071.png,,,-,2337
15064,shubhy,world,false,7,images/profiles/Bez15064.png,,,-,2340
14855,schemanick,world,false,7,images/profiles/Bez14855.png,,,-,2347
14620,VARSE,us,false,7,images/profiles/Bez14620.png,,,-,2391
14046,KrmaL,us,false,7,images/profiles/Bez14046.png,,,-,2420
15629,Stormfly,se,false,7,images/profiles/Bez15629.png,,,-,2450
15007,BreadDemon,world,false,7,images/profiles/Bez15007.png,,,-,2470
15377,Railblazer,us,false,6,images/profiles/Bez15377.png,,,-,2505
15806,Waivve,us,false,6,images/profiles/Bez15806.png,,,-,2506
15101,Acratic,us,false,6,images/profiles/Bez15101.png,,,-,2517
31833,ZaZaGD,us,false,6,images/profiles/Bez31833.png,,,-,2544
14848,RevoltZy,us,false,6,images/profiles/Bez14848.png,,,-,2594
32594,HappyMoby,ca,false,6,images/profiles/Bez32594.png,,,-,2643
15500,Mix991,world,false,6,images/profiles/Bez15500.png,,,-,2679
15202,ButterFish,world,false,5,images/profiles/Bez15202.png,,,-,2742
14118,DreamLight,us,false,5,images/profiles/Bez14118.png,,,-,2746
15383,Daxylitz,us,false,5,images/profiles/Bez15383.png,,,-,2754
10002,test02,SPB,FALSE,5,https://i.postimg.cc/nzZZMNpQ/Bez-nazvania170-20260713221506.png,,,"- пока тут нет никакой информации, известно только то, что мальчик топ 2 гей -",2768
15326,YakobNugget,world,false,5,images/profiles/Bez15326.png,,,-,2790
14271,TheGroz,world,false,5,images/profiles/Bez14271.png,,,-,2829
8225,Namirash,ru,false,5,images/profiles/Bez8225.png,,,-,2877
15460,royen,world,false,5,images/profiles/Bez15460.png,,,-,2909
10988,Popsi,world,false,5,images/profiles/Bez10988.png,,,-,2921
14148,LCotton,kr,false,5,images/profiles/Bez14148.png,,,-,2933
14294,Gzeee,us,false,5,images/profiles/Bez14294.png,,,-,2941
14326,JonathanGD,world,false,5,images/profiles/Bez14326.png,,,-,2944
14759,Riot,us,false,5,images/profiles/Bez14759.png,,,-,2945
14974,knobbelboy,nl,false,5,images/profiles/Bez14974.png,,,-,2957
16029,SyncJaws,us,false,5,images/profiles/Bez16029.png,,,-,2958
13993,GunnerBones,world,false,5,images/profiles/Bez13993.png,,,-,2967
57113,Carv,world,false,5,images/profiles/Bez57113.png,,,-,2972
6300,AbraXas96,world,false,4,images/profiles/Bez6300.png,,,-,2978
16039,RpgRaketti,world,false,4,images/profiles/Bez16039.png,,,-,2983
15333,Sonic80,world,false,4,images/profiles/Bez15333.png,,,-,2993
6712,Remurin,ru,false,4,images/profiles/Bez6712.png,,,-,3017
14971,ARtu,by,false,4,images/profiles/Bez14971.png,,,-,3033
15545,BlassCFB,world,false,4,images/profiles/Bez15545.png,,,-,3047
13405,ivyteal,world,false,4,images/profiles/Bez13405.png,,,-,3061
14165,JustJohn,world,false,4,images/profiles/Bez14165.png,,,-,3071
15174,twister,us,false,4,images/profiles/Bez15174.png,,,-,3073
15254,FarzzZinjj,ca,false,4,images/profiles/Bez15254.png,,,-,3110
15684,TGI,us,false,4,images/profiles/Bez15684.png,,,-,3119
21332,NoctaXI,world,false,4,images/profiles/Bez21332.png,,,-,3120
50805,Riley,world,false,4,images/profiles/Bez50805.png,,,-,3128
56681,YeldA,world,false,4,images/profiles/Bez56681.png,,,-,3132
16073,plimbus,us,false,4,images/profiles/Bez16073.png,,,-,3142
15454,Skipper,nl,false,4,images/profiles/Bez15454.png,,,-,3174
14824,SyQual,kr,false,4,images/profiles/Bez14824.png,,,-,3177
15160,Coopersuper,us,false,4,images/profiles/Bez15160.png,,,-,3189
29750,Xplode09,world,false,4,images/profiles/Bez29750.png,,,-,3244
14305,Hypno,us,false,4,images/profiles/Bez14305.png,,,-,3266
15407,icedcave,ca,false,4,images/profiles/Bez15407.png,,,-,3267
16515,MasterOfDonkeys,world,false,4,images/profiles/Bez16515.png,,,-,3275
35866,hazelmrow,world,false,4,images/profiles/Bez35866.png,,,-,3317
14016,Zylenox,us,false,4,images/profiles/Bez14016.png,,,-,3354
15200,Voltren,world,false,4,images/profiles/Bez15200.png,,,-,3359
15539,xTetra,au,false,4,images/profiles/Bez15539.png,,,-,3375
13465,Lelzi,world,false,4,images/profiles/Bez13465.png,,,-,3403
15541,Sebquero11,world,false,3,images/profiles/Bez15541.png,,,-,3436
22021,Sangalchi,world,false,3,images/profiles/Bez22021.png,,,-,3457
15290,MrDash,world,false,3,images/profiles/Bez15290.png,,,-,3464
16041,Plusxenon,kr,false,3,images/profiles/Bez16041.png,,,-,3480
15321,Aeidux,kr,false,3,images/profiles/Bez15321.png,,,-,3486
15970,Floppy,world,false,3,images/profiles/Bez15970.png,,,-,3519
15479,blazer2,world,false,3,images/profiles/Bez15479.png,,,-,3602
6556,Pesca,ru,false,3,images/profiles/Bez6556.png,,,-,3605
13785,STORrm,world,false,3,images/profiles/Bez13785.png,,,-,3636
16507,goodsmile,world,false,3,images/profiles/Bez16507.png,,,-,3686
27453,goldorbGMD,ru,false,3,images/profiles/Bez27453.png,,,-,3699
93,ZmL,ru,false,3,images/profiles/Bez93.png,,,-,3704
15049,ChloeCutie,world,false,3,images/profiles/Bez15049.png,,,-,3707
34207,Elinore,world,false,3,images/profiles/Bez34207.png,,,-,3733
15265,Smokes,world,false,3,images/profiles/Bez15265.png,,,-,3746
14710,MADxSG,world,false,3,images/profiles/Bez14710.png,,,-,3755
2796,Xirious,ru,false,3,images/profiles/Bez2796.png,,,-,3814
10107,Freedof,RU,FALSE,3,https://i.postimg.cc/wB24crD6/Bez-nazvania170-20260713223113.png,,,,3815
15137,Snowr33de,world,false,3,images/profiles/Bez15137.png,,,-,3838
14127,LastPrismAlex,world,false,3,images/profiles/Bez14127.png,,,-,3858
15537,jbmoon,kr,false,3,images/profiles/Bez15537.png,,,-,3905
14894,Szilu,hu,false,3,images/profiles/Bez14894.png,,,-,3925
15255,Xavereth,world,false,2,images/profiles/Bez15255.png,,,-,4057
46,baconmonke,gb,false,2,images/profiles/Bez46.png,,,-,4062
16245,Zalgaryth,world,false,2,images/profiles/Bez16245.png,,,-,4071
15072,ItzApex,world,false,2,images/profiles/Bez15072.png,,,-,4130
16474,Powerbomb,it,false,2,images/profiles/Bez16474.png,,,-,4131
16262,vortrox,world,false,2,images/profiles/Bez16262.png,,,-,4155
17299,neqron,ua,false,2,images/profiles/Bez17299.png,,,-,4170
15693,Easterbuny,world,false,2,images/profiles/Bez15693.png,,,-,4177
8986,CryoFox,ru,false,2,images/profiles/Bez8986.png,,,-,4262
14502,Maxis044,world,false,2,images/profiles/Bez14502.png,,,-,4272
17287,Zytrox,world,false,2,images/profiles/Bez17287.png,,,-,4334
19694,kbar66,world,false,2,images/profiles/Bez19694.png,,,-,4335
29170,bnuuy,gb,false,2,images/profiles/Bez29170.png,,,-,4336
35674,trenbabypaleo,world,false,2,images/profiles/Bez35674.png,,,-,4337
47165,sock,world,false,2,images/profiles/Bez47165.png,,,-,4339
7419,FlashWings576,ru,false,2,images/profiles/Bez7419.png,,,-,4407
16273,shmigels,world,false,2,images/profiles/Bez16273.png,,,-,4427
15153,Aeyooo,world,false,2,images/profiles/Bez15153.png,,,-,4453
15697,SoulsTRK,es,false,2,images/profiles/Bez15697.png,,,-,4471
15880,OnlineplaY,world,false,2,images/profiles/Bez15880.png,,,-,4477
16267,XavT,world,false,2,images/profiles/Bez16267.png,,,-,4494
15614,notlsa,world,false,2,images/profiles/Bez15614.png,,,-,4571
13995,Smiffy777,gb,false,2,images/profiles/Bez13995.png,,,-,4642
16302,snowkeo,world,false,2,images/profiles/Bez16302.png,,,-,4675
15390,Vorgogne,world,false,2,images/profiles/Bez15390.png,,,-,4682
16093,DreamTide,world,false,2,images/profiles/Bez16093.png,,,-,4684
13467,latko,world,false,2,images/profiles/Bez13467.png,,,-,4731
15640,Sneze,us,false,2,images/profiles/Bez15640.png,,,-,4776
15220,Divade,us,false,2,images/profiles/Bez15220.png,,,-,4789
15260,Zeroya,world,false,2,images/profiles/Bez15260.png,,,-,4815
15677,Monti241,world,false,2,images/profiles/Bez15677.png,,,-,4844
20066,qalli,world,false,2,images/profiles/Bez20066.png,,,-,4872
14322,Kiseki1,ca,false,2,images/profiles/Bez14322.png,,,-,4881
15345,L4TeZk,world,false,2,images/profiles/Bez15345.png,,,-,4899
6606,Jakalope,world,false,1,images/profiles/Bez6606.png,,,-,4948
15344,DreamZoneGD,world,false,1,images/profiles/Bez15344.png,,,-,4978
15536,hawkyre,es,false,1,images/profiles/Bez15536.png,,,-,4990
13800,MaxiS9,ca,false,1,images/profiles/Bez13800.png,,,-,4999
15120,Mooftwo,world,false,1,images/profiles/Bez15120.png,,,-,5032
12743,Catliest,world,false,1,images/profiles/Bez12743.png,,,-,5093
15150,ZeusGD,world,false,1,images/profiles/Bez15150.png,,,-,5107
16176,Zest,world,false,1,images/profiles/Bez16176.png,,,-,5109
16160,Cinci,world,false,1,images/profiles/Bez16160.png,,,-,5162
7377,Sigma,world,false,1,images/profiles/Bez7377.png,,,-,5189
15534,crohn44,us,false,1,images/profiles/Bez15534.png,,,-,5211
14907,Rampage,world,false,1,images/profiles/Bez14907.png,,,-,5220
16155,kota,world,false,1,images/profiles/Bez16155.png,,,-,5239
16260,Sillow,world,false,1,images/profiles/Bez16260.png,,,-,5271
13781,SwordBx,world,false,1,images/profiles/Bez13781.png,,,-,5363
14948,TheyCallMeEvan,world,false,1,images/profiles/Bez14948.png,,,-,5392
14817,zilucy,world,false,1,images/profiles/Bez14817.png,,,-,5455
7112,FloofiWan,world,false,1,images/profiles/Bez7112.png,,,-,5481
16284,DuskerHu,us,false,1,images/profiles/Bez16284.png,,,-,5544
23088,At242,world,false,1,images/profiles/Bez23088.png,,,-,5546
15346,cxn,world,false,1,images/profiles/Bez15346.png,,,-,5585
15353,-,world,false,1,images/profiles/Bez15353.png,,,-,5586
7033,OnlyTryingYT,world,false,1,images/profiles/Bez7033.png,,,-,5619
16088,MiniWheatDuo,world,false,1,images/profiles/Bez16088.png,,,-,5655
15754,Pi Guy,world,false,1,images/profiles/Bez15754.png,,,-,5693
6295,goobrey,world,false,1,images/profiles/Bez6295.png,,,-,5714
14317,Ravexi,kz,false,1,images/profiles/Bez14317.png,,,-,5733
16244,Giron,world,false,1,images/profiles/Bez16244.png,,,-,5738
4766,Deevses,ua,false,1,images/profiles/Bez4766.png,,,-,5782
20109,Shyne,us,false,1,images/profiles/Bez20109.png,,,-,5791
15457,FieRcE7,world,false,1,images/profiles/Bez15457.png,,,-,5804
6588,Ariwl,world,false,1,images/profiles/Bez6588.png,,,-,5840
18744,oleki,world,false,1,images/profiles/Bez18744.png,,,-,5880
15695,nwolc,world,false,1,images/profiles/Bez15695.png,,,-,5895
15209,ToshDeluxe,world,false,1,images/profiles/Bez15209.png,,,-,5927
15355,efext,world,false,1,images/profiles/Bez15355.png,,,-,5947
19116,Waterbound,world,false,1,images/profiles/Bez19116.png,,,-,5952
13703,Syndrome GMD,world,false,1,images/profiles/Bez13703.png,,,-,5965
16270,WireMuncher,world,false,1,images/profiles/Bez16270.png,,,-,5967
15670,VanillaLeaf,world,false,1,images/profiles/Bez15670.png,,,-,5981
15293,Nerhy,world,false,1,images/profiles/Bez15293.png,,,-,6092
15644,fhewi,world,false,1,images/profiles/Bez15644.png,,,-,6094
16230,MooXN32,world,false,1,images/profiles/Bez16230.png,,,-,6189
27054,Limestone,us,false,1,images/profiles/Bez27054.png,,,-,6194
15445,Angelbaton,kr,false,1,images/profiles/Bez15445.png,,,-,6209
16261,Jeyzor,world,false,1,images/profiles/Bez16261.png,,,-,6212
14397,RLOL,world,false,1,images/profiles/Bez14397.png,,,-,6233
15847,DiscJoker,world,false,1,images/profiles/Bez15847.png,,,-,6308
16259,Vlacc,world,false,1,images/profiles/Bez16259.png,,,-,6311
16491,erzor,de,false,1,images/profiles/Bez16491.png,,,-,6312
19038,MannyHeffley,world,false,1,images/profiles/Bez19038.png,,,-,6315
15474,LRubix,world,false,1,images/profiles/Bez15474.png,,,-,6329
16645,Aberrent,world,false,1,images/profiles/Bez16645.png,,,-,6331
24613,Electrx,world,false,1,images/profiles/Bez24613.png,,,-,6361
31364,RTwoSix,world,false,1,images/profiles/Bez31364.png,,,-,6364
15076,MetaManRB,world,false,1,images/profiles/Bez15076.png,,,-,6434
15147,Pipz,world,false,1,images/profiles/Bez15147.png,,,-,6457
14504,santiachu,world,false,1,images/profiles/Bez14504.png,,,-,6485
16298,Tinraz,world,false,1,images/profiles/Bez16298.png,,,-,6489
25911,pashagrunt,ru,false,1,images/profiles/Bez25911.png,,,-,6523
15187,NexorrGD,world,false,1,images/profiles/Bez15187.png,,,-,6542
15955,para,world,false,1,images/profiles/Bez15955.png,,,-,6546
18807,Rad Scorpion Gaming,world,false,1,images/profiles/Bez18807.png,,,-,6549
29618,Aphelix,world,false,1,images/profiles/Bez29618.png,,,-,6667
16271,MyntiFresh,world,false,1,images/profiles/Bez16271.png,,,-,6679
24614,Sensawa,world,false,1,images/profiles/Bez24614.png,,,-,6726
19695,Surpl3x,world,false,1,images/profiles/Bez19695.png,,,-,6742
14958,Multiverse55,world,false,0,images/profiles/Bez14958.png,,,-,6761
27257,TheBigCheese69,world,false,0,images/profiles/Bez27257.png,,,-,6774
31109,Memo,world,false,0,images/profiles/Bez31109.png,,,-,6829
31869,Sh4dowsn4il,world,false,0,images/profiles/Bez31869.png,,,-,6833
19351,Bram4Real,world,false,0,images/profiles/Bez19351.png,,,-,6870
47166,Fluxit,world,false,0,images/profiles/Bez47166.png,,,-,6884
15088,Shween,world,false,0,images/profiles/Bez15088.png,,,-,6909
25790,ignDoom,world,false,0,images/profiles/Bez25790.png,,,-,6945
13983,Clumps,world,false,0,images/profiles/Bez13983.png,,,-,6969
15012,Asuith,world,false,0,images/profiles/Bez15012.png,,,-,6971
15724,f3lixsram,world,false,0,images/profiles/Bez15724.png,,,-,6973
28494,KatsharkyAuyn,world,false,0,images/profiles/Bez28494.png,,,-,6983
17648,Falloostic,world,false,0,images/profiles/Bez17648.png,,,-,7009
21695,Antiprime,world,false,0,images/profiles/Bez21695.png,,,-,7017
25787,raingmd,world,false,0,images/profiles/Bez25787.png,,,-,7020
25789,pashai,world,false,0,images/profiles/Bez25789.png,,,-,7021
23091,lazerezal,world,false,0,images/profiles/Bez23091.png,,,-,7055
31868,5ifty7even,world,false,0,images/profiles/Bez31868.png,,,-,7066
21331,GMD xeox,world,false,0,images/profiles/Bez21331.png,,,-,7086
31384,Tueml,world,false,0,images/profiles/Bez31384.png,,,-,7092
16268,KiwiPenguin,world,false,0,images/profiles/Bez16268.png,,,-,7117
16306,thazm,world,false,0,images/profiles/Bez16306.png,,,-,7118
31866,spoonGD,world,false,0,images/profiles/Bez31866.png,,,-,7132
14019,iIiViRuZiIi,world,false,0,images/profiles/Bez14019.png,,,-,7146
20115,iIPrototypeIi,world,false,0,images/profiles/Bez20115.png,,,-,7150
29791,Divina,world,false,0,images/profiles/Bez29791.png,,,-,7157
31383,Lzof,world,false,0,images/profiles/Bez31383.png,,,-,7158
15514,Frunk,us,false,0,images/profiles/Bez15514.png,,,-,7177
18938,RG18,world,false,0,images/profiles/Bez18938.png,,,-,7296
18491,chloechu,world,false,0,images/profiles/Bez18491.png,,,-,7374
15347,xHeiDax,world,false,0,images/profiles/Bez15347.png,,,-,7405
25084,Yerylik,world,false,0,images/profiles/Bez25084.png,,,-,7412
57604,spatial09,world,false,0,images/profiles/Bez57604.png,,,-,7430
15364,skyeeuwu,world,false,0,images/profiles/Bez15364.png,,,-,7440
18272,BIGMAC77,world,false,0,images/profiles/Bez18272.png,,,-,7442
25083,Laughingg,world,false,0,images/profiles/Bez25083.png,,,-,7447
25783,wd,world,false,0,images/profiles/Bez25783.png,,,-,7448
15016,GS12,world,false,0,images/profiles/Bez15016.png,,,-,7481
16036,Rqd,world,false,0,images/profiles/Bez16036.png,,,-,7485
16254,Deactive,world,false,0,images/profiles/Bez16254.png,,,-,7486
16255,Edouardott,world,false,0,images/profiles/Bez16255.png,,,-,7487
16258,Dark Angel,world,false,0,images/profiles/Bez16258.png,,,-,7488
16648,Galaxxyss,world,false,0,images/profiles/Bez16648.png,,,-,7489
31864,Killdare,world,false,0,images/profiles/Bez31864.png,,,-,7504
14630,MythicalTG,world,false,0,images/profiles/Bez14630.png,,,-,7524
30652,zodycoder,world,false,0,images/profiles/Bez30652.png,,,-,7541
31863,KOKO43,world,false,0,images/profiles/Bez31863.png,,,-,7543
20138,EtVil,world,false,0,images/profiles/Bez20138.png,,,-,7576
18806,handsomeorange,world,false,0,images/profiles/Bez18806.png,,,-,7595
25075,SoggyDash,world,false,0,images/profiles/Bez25075.png,,,-,7602
20140,JMG3121,world,false,0,images/profiles/Bez20140.png,,,-,7649
6831,Ayrelia,ru,false,0,images/profiles/Bez6831.png,,,-,7673
16653,LLoom,world,false,0,images/profiles/Bez16653.png,,,-,7683
13928,Ka1ns,world,false,0,images/profiles/Bez13928.png,,,-,7744
16164,souly,world,false,0,images/profiles/Bez16164.png,,,-,7755
16253,JinoBeats,world,false,0,images/profiles/Bez16253.png,,,-,7757
20139,Evs5,world,false,0,images/profiles/Bez20139.png,,,-,7763
28493,notged,world,false,0,images/profiles/Bez28493.png,,,-,7774
16263,Molexular,world,false,0,images/profiles/Bez16263.png,,,-,7812
37833,Zettsuu,world,false,0,images/profiles/Bez37833.png,,,-,7829
18822,Kolros716,world,false,0,images/profiles/Bez18822.png,,,-,7855
20242, Gam3r2234,world,false,0,images/profiles/Bez20242.png,,,-,7857
15725,LimeTime313,world,false,0,images/profiles/Bez15725.png,,,-,7906
16266,Katz3n,world,false,0,images/profiles/Bez16266.png,,,-,7913
16494,sink,us,false,0,images/profiles/Bez16494.png,,,-,7914
55949,declanlc,world,false,0,images/profiles/Bez55949.png,,,-,7939
15366,WormFodder,world,false,0,images/profiles/Bez15366.png,,,-,7952
26567,Nhay,world,false,0,images/profiles/Bez26567.png,,,-,7967
27256,surveyor23,world,false,0,images/profiles/Bez27256.png,,,-,7968
37831,Bordonn,world,false,0,images/profiles/Bez37831.png,,,-,7973
16264,YoReid,world,false,0,images/profiles/Bez16264.png,,,-,8002
16269,MikeTheMagicMan,world,false,0,images/profiles/Bez16269.png,,,-,8003
16292,Syndrome,world,false,0,images/profiles/Bez16292.png,,,-,8004
30911,Hidden,world,false,0,images/profiles/Bez30911.png,,,-,8033
16272,d3centPlayer,world,false,0,images/profiles/Bez16272.png,,,-,8114
16274,MaLiaN,world,false,0,images/profiles/Bez16274.png,,,-,8115
16301,Bizaare,world,false,0,images/profiles/Bez16301.png,,,-,8116
35341,Airon,world,false,0,images/profiles/Bez35341.png,,,-,8135
8985,Quicklen,ru,false,0,images/profiles/Bez8985.png,,,-,8165
16275,shman,world,false,0,images/profiles/Bez16275.png,,,-,8183
20110,SuperDreaming,world,false,0,images/profiles/Bez20110.png,,,-,8187
37839,crusso,world,false,0,images/profiles/Bez37839.png,,,-,8202
38852,Nordgeez,world,false,0,images/profiles/Bez38852.png,,,-,8203
15719,DaMeister,world,false,0,images/profiles/Bez15719.png,,,-,8226
16276,TheFakeFlame,world,false,0,images/profiles/Bez16276.png,,,-,8230
18891,whammaut,world,false,0,images/profiles/Bez18891.png,,,-,8232
31857,Blyatdahellyo,world,false,0,images/profiles/Bez31857.png,,,-,8242
34641,SomniumGD,world,false,0,images/profiles/Bez34641.png,,,-,8243
35343,xTet,world,false,0,images/profiles/Bez35343.png,,,-,8246
37840,oliverbum,world,false,0,images/profiles/Bez37840.png,,,-,8248
16278,JamAttack,world,false,0,images/profiles/Bez16278.png,,,-,8274
16279,Freaklin,world,false,0,images/profiles/Bez16279.png,,,-,8275
25082,SupaCLUCK,world,false,0,images/profiles/Bez25082.png,,,-,8285
29769,Gabinq,world,false,0,images/profiles/Bez29769.png,,,-,8291
54896,LordeGD,world,false,0,images/profiles/Bez54896.png,,,-,8327
16280,XDman,world,false,0,images/profiles/Bez16280.png,,,-,8336
16281,addsomething,world,false,0,images/profiles/Bez16281.png,,,-,8337
16282,kedavra,world,false,0,images/profiles/Bez16282.png,,,-,8338
18743,soleyGD,world,false,0,images/profiles/Bez18743.png,,,-,8340
20243,idleunam,world,false,0,images/profiles/Bez20243.png,,,-,8344
1844,CoolCodin,world,false,0,images/profiles/Bez1844.png,,,-,8359
16283,DozenthLeaf,world,false,0,images/profiles/Bez16283.png,,,-,8364
19035, razsta4ax,world,false,0,images/profiles/Bez19035.png,,,-,8366
19036,lillie,world,false,0,images/profiles/Bez19036.png,,,-,8367
20239,Rowanm,world,false,0,images/profiles/Bez20239.png,,,-,8369
38854,Sdslayer,us,false,0,images/profiles/Bez38854.png,,,-,8382
11455,ShadowMyth,world,false,0,images/profiles/Bez11455.png,,,-,8411
16285,BiDeapthBear,world,false,0,images/profiles/Bez16285.png,,,-,8416
18823,King Tosh,world,false,0,images/profiles/Bez18823.png,,,-,8425
22580,ItsPedroca,world,false,0,images/profiles/Bez22580.png,,,-,8435
29768, Baprag,world,false,0,images/profiles/Bez29768.png,,,-,8455
41429,zof,world,false,0,images/profiles/Bez41429.png,,,-,8491
16286,Moisty,world,false,0,images/profiles/Bez16286.png,,,-,8546
16287,llertt,world,false,0,images/profiles/Bez16287.png,,,-,8547
16288,GeometryJosh2,world,false,0,images/profiles/Bez16288.png,,,-,8548
16377,YGYoshI,world,false,0,images/profiles/Bez16377.png,,,-,8549
17650,renzgmd,world,false,0,images/profiles/Bez17650.png,,,-,8550
18805,Closetta,world,false,0,images/profiles/Bez18805.png,,,-,8551
36172,lazrer,world,false,0,images/profiles/Bez36172.png,,,-,8572
15349,SleyGD,world,false,0,images/profiles/Bez15349.png,,,-,8596
15369,BoBoBoBoBoBoBo,world,false,0,images/profiles/Bez15369.png,,,-,8597
16289,Yoshikawa,world,false,0,images/profiles/Bez16289.png,,,-,8618
16290,mbed,us,false,0,images/profiles/Bez16290.png,,,-,8619
16291,Tyrannyy,world,false,0,images/profiles/Bez16291.png,,,-,8620
25778,Fakechi,world,false,0,images/profiles/Bez25778.png,,,-,8628
16293,clncrvl,world,false,0,images/profiles/Bez16293.png,,,-,8703
16304,Aimbotter2123,world,false,0,images/profiles/Bez16304.png,,,-,8704
30910,TeaWide,world,false,0,images/profiles/Bez30910.png,,,-,8712
16295,cat597,world,false,0,images/profiles/Bez16295.png,,,-,8746
20069,Zosmic,world,false,0,images/profiles/Bez20069.png,,,-,8751
25080,Evandbrown,world,false,0,images/profiles/Bez25080.png,,,-,8757
31382,Luihh23,world,false,0,images/profiles/Bez31382.png,,,-,8765
31855,Spycold,world,false,0,images/profiles/Bez31855.png,,,-,8767
16296,Warrion004,world,false,0,images/profiles/Bez16296.png,,,-,8805
16655,Wyntaee,world,false,0,images/profiles/Bez16655.png,,,-,8806
37841,kywy,world,false,0,images/profiles/Bez37841.png,,,-,8826
13972,Ozyximo,world,false,0,images/profiles/Bez13972.png,,,-,8865
16297,Yuko,world,false,0,images/profiles/Bez16297.png,,,-,8869
27324,Mathey,world,false,0,images/profiles/Bez27324.png,,,-,8892
28490,superigg,world,false,0,images/profiles/Bez28490.png,,,-,8894
16299,Wespdx,world,false,0,images/profiles/Bez16299.png,,,-,8980
24617,JoacoPe25,world,false,0,images/profiles/Bez24617.png,,,-,8982
25079,Pikonom,world,false,0,images/profiles/Bez25079.png,,,-,8983
36164,Luvery,world,false,0,images/profiles/Bez36164.png,,,-,8988
6754,Lucid,world,false,0,images/profiles/Bez6754.png,,,-,9003
14424,Wolvyy,de,false,0,images/profiles/Bez14424.png,,,-,9007
16381,GaidenHertuny,world,false,0,images/profiles/Bez16381.png,,,-,9013
18331,xdasfsa,world,false,0,images/profiles/Bez18331.png,,,-,9015
20070,Insidee,world,false,0,images/profiles/Bez20070.png,,,-,9020
24616,vridge,world,false,0,images/profiles/Bez24616.png,,,-,9027
30909,PlasmaShock,world,false,0,images/profiles/Bez30909.png,,,-,9031
15348,Luned,world,false,0,images/profiles/Bez15348.png,,,-,9068
16656,ZeroSR,world,false,0,images/profiles/Bez16656.png,,,-,9069
18824,Pasiblitz,world,false,0,images/profiles/Bez18824.png,,,-,9071
14503,LGgd,world,false,0,images/profiles/Bez14503.png,,,-,9093
14790,ThePrimeEvil,world,false,0,images/profiles/Bez14790.png,,,-,9094
15350,Saido45,world,false,0,images/profiles/Bez15350.png,,,-,9095
15351,Leksitoo,world,false,0,images/profiles/Bez15351.png,,,-,9096
15352, Inside,world,false,0,images/profiles/Bez15352.png,,,-,9097
15354,JoeL,world,false,0,images/profiles/Bez15354.png,,,-,9098
21543,Zomore,world,false,0,images/profiles/Bez21543.png,,,-,9103
25077,RafaBirds,world,false,0,images/profiles/Bez25077.png,,,-,9105
15011,IIDustikII,world,false,0,images/profiles/Bez15011.png,,,-,9119
15356,Zeus,world,false,0,images/profiles/Bez15356.png,,,-,9121
15583,Peng,world,false,0,images/profiles/Bez15583.png,,,-,9122
16294,FuZeBomB,world,false,0,images/profiles/Bez16294.png,,,-,9177
18890,SnowFox,world,false,0,images/profiles/Bez18890.png,,,-,9188
31107,Hemzy,world,false,0,images/profiles/Bez31107.png,,,-,9198
15357,McSwaggerson,world,false,0,images/profiles/Bez15357.png,,,-,9223
15358,MKk,world,false,0,images/profiles/Bez15358.png,,,-,9224
21815,Devilmine,de,false,0,images/profiles/Bez21815.png,,,-,9236
14379,HangyKing,world,false,0,images/profiles/Bez14379.png,,,-,9298
19380,Jandlust,world,false,0,images/profiles/Bez19380.png,,,-,9373
31105,Icon,world,false,0,images/profiles/Bez31105.png,,,-,9449
14426,fuze,world,false,0,images/profiles/Bez14426.png,,,-,9647
15359,Latezk,world,false,0,images/profiles/Bez15359.png,,,-,9649
15360,gdemerald,world,false,0,images/profiles/Bez15360.png,,,-,9650
17189,Fabsol,world,false,0,images/profiles/Bez17189.png,,,-,9653
19346,SaphGMD,world,false,0,images/profiles/Bez19346.png,,,-,9655
30649,Sakira,world,false,0,images/profiles/Bez30649.png,,,-,9660
47167,snackless,world,false,0,images/profiles/Bez47167.png,,,-,9670
8418,Plushiest,world,false,0,images/profiles/Bez8418.png,,,-,9681
15361,MaxVilocity,world,false,0,images/profiles/Bez15361.png,,,-,9682
15362,ILikeYeetingYEET,world,false,0,images/profiles/Bez15362.png,,,-,9683
15363,MeowMasterer,world,false,0,images/profiles/Bez15363.png,,,-,9684
20071,Kurena,world,false,0,images/profiles/Bez20071.png,,,-,9702
21816,Anirium,world,false,0,images/profiles/Bez21816.png,,,-,9706
14420,AndUhHalf,us,false,0,images/profiles/Bez14420.png,,,-,9751
14784,Rynoxious,world,false,0,images/profiles/Bez14784.png,,,-,9752
16310,GeoNoRway,world,false,0,images/profiles/Bez16310.png,,,-,9766
31834,amberette,world,false,0,images/profiles/Bez31834.png,,,-,9790
15365,BigBoyChomp,world,false,0,images/profiles/Bez15365.png,,,-,9811
18836,uan,world,false,0,images/profiles/Bez18836.png,,,-,9816
20238,Nsaynchkn,world,false,0,images/profiles/Bez20238.png,,,-,9818
25076,ikkyseen,world,false,0,images/profiles/Bez25076.png,,,-,9822
54895,bamgeori,world,false,0,images/profiles/Bez54895.png,,,-,9833
15367,Gryllex,world,false,0,images/profiles/Bez15367.png,,,-,9848
15368,OliSW,world,false,0,images/profiles/Bez15368.png,,,-,9849
16320,NateFH,world,false,0,images/profiles/Bez16320.png,,,-,9850
18937,ImNotNuub,world,false,0,images/profiles/Bez18937.png,,,-,9853
31365,QuazeryIceCube,world,false,0,images/profiles/Bez31365.png,,,-,9860
35812,Jenkins,world,false,0,images/profiles/Bez35812.png,,,-,9866
15370,Chriservi,world,false,0,images/profiles/Bez15370.png,,,-,9898
15371,Coheton,world,false,0,images/profiles/Bez15371.png,,,-,9899
29444,jbu,world,false,0,images/profiles/Bez29444.png,,,-,9915
14700,Imjum,world,false,0,images/profiles/Bez14700.png,,,-,9947
18837,BGames,world,false,0,images/profiles/Bez18837.png,,,-,9980
19960,Shard,world,false,0,images/profiles/Bez19960.png,,,-,9981
23453, Afumaii,world,false,0,images/profiles/Bez23453.png,,,-,9983
30728,SlightliFizzi,world,false,0,images/profiles/Bez30728.png,,,-,9992
30908,Rynoxiouss,world,false,0,images/profiles/Bez30908.png,,,-,9993
36684,danielsbadkarma,world,false,0,images/profiles/Bez36684.png,,,-,10022
14505,Ka1sa,world,false,0,images/profiles/Bez14505.png,,,-,10034
16300,meowdead,world,false,0,images/profiles/Bez16300.png,,,-,10036
30906,xemic,world,false,0,images/profiles/Bez30906.png,,,-,10057
30907,PikachuFan42,world,false,0,images/profiles/Bez30907.png,,,-,10058
16303,MrSpagetti,world,false,0,images/profiles/Bez16303.png,,,-,10083
16305,RealFlame,world,false,0,images/profiles/Bez16305.png,,,-,10084
16307,Raivolt,world,false,0,images/profiles/Bez16307.png,,,-,10085
16308,Blook18,world,false,0,images/profiles/Bez16308.png,,,-,10119
29619,zArctic,world,false,0,images/profiles/Bez29619.png,,,-,10131
16492,EnTrix23,world,false,0,images/profiles/Bez16492.png,,,-,10150
30647,Ryguy6749,world,false,0,images/profiles/Bez30647.png,,,-,10158
45513,greencubed,world,false,0,images/profiles/Bez45513.png,,,-,10164
16493,wwsckr,world,false,0,images/profiles/Bez16493.png,,,-,10178
18889,tirednwired,world,false,0,images/profiles/Bez18889.png,,,-,10180
18910,Perorbem,world,false,0,images/profiles/Bez18910.png,,,-,10181
19034,xjt,world,false,0,images/profiles/Bez19034.png,,,-,10182
23452,vinyl,kr,false,0,images/profiles/Bez23452.png,,,-,10185
42849,Split72,world,false,0,images/profiles/Bez42849.png,,,-,10198
16309,Noriega,world,false,0,images/profiles/Bez16309.png,,,-,10220
16311,Toughfey,world,false,0,images/profiles/Bez16311.png,,,-,10221
16312,beary,world,false,0,images/profiles/Bez16312.png,,,-,10266
16313,BufferFish1413,world,false,0,images/profiles/Bez16313.png,,,-,10267
16315,Yendis,world,false,0,images/profiles/Bez16315.png,,,-,10268
16316,GDBrad,world,false,0,images/profiles/Bez16316.png,,,-,10269
16317,Azuvy,world,false,0,images/profiles/Bez16317.png,,,-,10270
23451,CheemMan+,world,false,0,images/profiles/Bez23451.png,,,-,10278
25068,schitt,world,false,0,images/profiles/Bez25068.png,,,-,10280
31832,suchabro,world,false,0,images/profiles/Bez31832.png,,,-,10285
16318,noxiom,world,false,0,images/profiles/Bez16318.png,,,-,10307
16651,kingsman265,world,false,0,images/profiles/Bez16651.png,,,-,10308
16654,TrueInverse,world,false,0,images/profiles/Bez16654.png,,,-,10309
20112,issanagay,world,false,0,images/profiles/Bez20112.png,,,-,10310
20241,Mist,world,false,0,images/profiles/Bez20241.png,,,-,10311
21540,yJulien,world,false,0,images/profiles/Bez21540.png,,,-,10313
27254,Ryder,world,false,0,images/profiles/Bez27254.png,,,-,10323
45514,VRAPUR,world,false,0,images/profiles/Bez45514.png,,,-,10340
15373,TheZinkYT,world,false,0,images/profiles/Bez15373.png,,,-,10364
16319,Spectre,world,false,0,images/profiles/Bez16319.png,,,-,10365
18862,ultrakawaHD,world,false,0,images/profiles/Bez18862.png,,,-,10368
1462,Lerik,world,false,0,images/profiles/Bez1462.png,,,-,10394
2747,asmallsock,world,false,0,images/profiles/Bez2747.png,,,-,10395
16321,FarzzZinj,world,false,0,images/profiles/Bez16321.png,,,-,10404
16323,FlipR,world,false,0,images/profiles/Bez16323.png,,,-,10405
18784,SundayGMD,world,false,0,images/profiles/Bez18784.png,,,-,10409
18935,NinSam,world,false,0,images/profiles/Bez18935.png,,,-,10410
53682,Fizzlen,world,false,0,images/profiles/Bez53682.png,,,-,10446
16324,Whippie37,world,false,0,images/profiles/Bez16324.png,,,-,10454
16325,Sycro,world,false,0,images/profiles/Bez16325.png,,,-,10455
16326,Ironingot,world,false,0,images/profiles/Bez16326.png,,,-,10456
16327,ch4rlie03,world,false,0,images/profiles/Bez16327.png,,,-,10457
16328,GoldenTG,world,false,0,images/profiles/Bez16328.png,,,-,10458
16329,Ellyza,world,false,0,images/profiles/Bez16329.png,,,-,10459
16505,Platnuu,world,false,0,images/profiles/Bez16505.png,,,-,10460
19350,mwzn,world,false,0,images/profiles/Bez19350.png,,,-,10461
24611,Somie,world,false,0,images/profiles/Bez24611.png,,,-,10465
33040,saifosa,world,false,0,images/profiles/Bez33040.png,,,-,10474
54893,Shulkern,world,false,0,images/profiles/Bez54893.png,,,-,10496
16330,Umbra,world,false,0,images/profiles/Bez16330.png,,,-,10513
16331,MP3141,world,false,0,images/profiles/Bez16331.png,,,-,10514
18861,InterChange,world,false,0,images/profiles/Bez18861.png,,,-,10520
20061,AudieoVisual,world,false,0,images/profiles/Bez20061.png,,,-,10522
13782,Wulzy,world,false,0,images/profiles/Bez13782.png,,,-,10577
14408,SimilarAMZ,world,false,0,images/profiles/Bez14408.png,,,-,10583
14497,Dehznik,world,false,0,images/profiles/Bez14497.png,,,-,10584
16332,Norbipapa,world,false,0,images/profiles/Bez16332.png,,,-,10587
16416,Fejoaoa,world,false,0,images/profiles/Bez16416.png,,,-,10588
18819,ItzJitterbug325,world,false,0,images/profiles/Bez18819.png,,,-,10589
18821,jbooster,world,false,0,images/profiles/Bez18821.png,,,-,10590
29374,Kallical,world,false,0,images/profiles/Bez29374.png,,,-,10605
29559,Eric,world,false,0,images/profiles/Bez29559.png,,,-,10606
15100,SennaGD,world,false,0,images/profiles/Bez15100.png,,,-,10647
16249,Lugualize,world,false,0,images/profiles/Bez16249.png,,,-,10648
16440,BlazeD77,world,false,0,images/profiles/Bez16440.png,,,-,10649
18860,AAAAAlex,world,false,0,images/profiles/Bez18860.png,,,-,10653
20068,Sergio el nino,world,false,0,images/profiles/Bez20068.png,,,-,10654
25073,Kinshi,world,false,0,images/profiles/Bez25073.png,,,-,10661
29558,WaffleWaffle24,world,false,0,images/profiles/Bez29558.png,,,-,10666
16265,Bram,world,false,0,images/profiles/Bez16265.png,,,-,10706
16333,SkylarkyXD,world,false,0,images/profiles/Bez16333.png,,,-,10707
16334,TypicalGMD,world,false,0,images/profiles/Bez16334.png,,,-,10708
16335,IF,world,false,0,images/profiles/Bez16335.png,,,-,10709
16439,Andromeda,world,false,0,images/profiles/Bez16439.png,,,-,10710
20062,xjustincamp,world,false,0,images/profiles/Bez20062.png,,,-,10715
23090,ajmal,world,false,0,images/profiles/Bez23090.png,,,-,10716
48002,robon,world,false,0,images/profiles/Bez48002.png,,,-,10742
14506,Sprankton,world,false,0,images/profiles/Bez14506.png,,,-,10761
16415,Berke423,world,false,0,images/profiles/Bez16415.png,,,-,10764
16650,kekyto,world,false,0,images/profiles/Bez16650.png,,,-,10766
21814,ItsDreamsGD,world,false,0,images/profiles/Bez21814.png,,,-,10771
30646,MustachioTB,world,false,0,images/profiles/Bez30646.png,,,-,10778
14507,Volume,world,false,0,images/profiles/Bez14507.png,,,-,10843
14508, Prayoga,world,false,0,images/profiles/Bez14508.png,,,-,10844
17658,e3ea,world,false,0,images/profiles/Bez17658.png,,,-,10852
54892,Nova4664,world,false,0,images/profiles/Bez54892.png,,,-,10936
14509,WOOGI,world,false,0,images/profiles/Bez14509.png,,,-,11024
14510,Cancel,world,false,0,images/profiles/Bez14510.png,,,-,11025
14511,Ky,world,false,0,images/profiles/Bez14511.png,,,-,11026
14786,enlex,world,false,0,images/profiles/Bez14786.png,,,-,11069
37817,sparkk,world,false,0,images/profiles/Bez37817.png,,,-,11122
13753,KingDLetsPlay,world,false,0,images/profiles/Bez13753.png,,,-,11152
13878,ItzBraeden,world,false,0,images/profiles/Bez13878.png,,,-,11153
13880,Grax,world,false,0,images/profiles/Bez13880.png,,,-,11154
18835,SmackinTheKraken,world,false,0,images/profiles/Bez18835.png,,,-,11157
29557,Xtinct,world,false,0,images/profiles/Bez29557.png,,,-,11170
36685,Plasma64,world,false,0,images/profiles/Bez36685.png,,,-,11187
14787,DaPrimeAtce,world,false,0,images/profiles/Bez14787.png,,,-,11227
16649,JustXSoos,world,false,0,images/profiles/Bez16649.png,,,-,11228
18863,Koish,world,false,0,images/profiles/Bez18863.png,,,-,11233
22137,Turtl123,world,false,0,images/profiles/Bez22137.png,,,-,11234
23449, Hypno,world,false,0,images/profiles/Bez23449.png,,,-,11236
15581,MCres,world,false,0,images/profiles/Bez15581.png,,,-,11281
15582,AlrexX,world,false,0,images/profiles/Bez15582.png,,,-,11282
16257,HequinoX,fr,false,0,images/profiles/Bez16257.png,,,-,11284
16652,Lingher,world,false,0,images/profiles/Bez16652.png,,,-,11285
18859, zoidylol,world,false,0,images/profiles/Bez18859.png,,,-,11291
21539,ElKyrdisi16,world,false,0,images/profiles/Bez21539.png,,,-,11297
14782,nainteils,world,false,0,images/profiles/Bez14782.png,,,-,11348
14783,retrograade,world,false,0,images/profiles/Bez14783.png,,,-,11349
19378,stcubing,world,false,0,images/profiles/Bez19378.png,,,-,11389
24610,IgongDae,world,false,0,images/profiles/Bez24610.png,,,-,11404
27253,Blogde,world,false,0,images/profiles/Bez27253.png,,,-,11418
54897,Achlys,world,false,0,images/profiles/Bez54897.png,,,-,11499
14785,Meroo,world,false,0,images/profiles/Bez14785.png,,,-,11524
18781,OliXor,world,false,0,images/profiles/Bez18781.png,,,-,11529
18888,whitrout,world,false,0,images/profiles/Bez18888.png,,,-,11530
31360,will1,world,false,0,images/profiles/Bez31360.png,,,-,11555
13879,Dashiell10,world,false,0,images/profiles/Bez13879.png,,,-,11612
14381,krisking,world,false,0,images/profiles/Bez14381.png,,,-,11613
14788,Whlt,world,false,0,images/profiles/Bez14788.png,,,-,11614
31829,Lucas Ortuno Sanchez,world,false,0,images/profiles/Bez31829.png,,,-,11648
36686,harrisongamez,world,false,0,images/profiles/Bez36686.png,,,-,11662
13881,Lcultist,world,false,0,images/profiles/Bez13881.png,,,-,11705
14791,Lucy,world,false,0,images/profiles/Bez14791.png,,,-,11706
21538,Zeniux,world,false,0,images/profiles/Bez21538.png,,,-,11711
34663,MrPoopyBurger,world,false,0,images/profiles/Bez34663.png,,,-,11720
54894,PlaEnterprise,world,false,0,images/profiles/Bez54894.png,,,-,11727
13882,EliaSoverini,world,false,0,images/profiles/Bez13882.png,,,-,11740
16204,LuichoX,world,false,0,images/profiles/Bez16204.png,,,-,11742
18759,maddy,world,false,0,images/profiles/Bez18759.png,,,-,11746
18782,WOOGI1411,world,false,0,images/profiles/Bez18782.png,,,-,11748
25775,ox1y1gen,world,false,0,images/profiles/Bez25775.png,,,-,11768
30644,vit12,world,false,0,images/profiles/Bez30644.png,,,-,11785
30901,siliciumcat,world,false,0,images/profiles/Bez30901.png,,,-,11787
30902,V1N,world,false,0,images/profiles/Bez30902.png,,,-,11788
13883,adoraaa,world,false,0,images/profiles/Bez13883.png,,,-,11897
14377,FullThrottle,world,false,0,images/profiles/Bez14377.png,,,-,11899
19353,IceRodGD,world,false,0,images/profiles/Bez19353.png,,,-,11901
31830,truongwf,world,false,0,images/profiles/Bez31830.png,,,-,11910
38853,GoldSource,world,false,0,images/profiles/Bez38853.png,,,-,11916
48003,CelestialCat,world,false,0,images/profiles/Bez48003.png,,,-,11918
14378,PhantomX,world,false,0,images/profiles/Bez14378.png,,,-,11928
19709,criko,world,false,0,images/profiles/Bez19709.png,,,-,11933
25072,darcii,world,false,0,images/profiles/Bez25072.png,,,-,11938
31359,Medaides,world,false,0,images/profiles/Bez31359.png,,,-,11943
19344,TallSoap,world,false,0,images/profiles/Bez19344.png,,,-,12052
24608,Hael9,world,false,0,images/profiles/Bez24608.png,,,-,12094
25070,smarted,world,false,0,images/profiles/Bez25070.png,,,-,12100
27252, EthanDash,world,false,0,images/profiles/Bez27252.png,,,-,12124
44920,Rodrigzz,world,false,0,images/profiles/Bez44920.png,,,-,12294
47776,Fawxu,world,false,0,images/profiles/Bez47776.png,,,-,12319
10003,test03,SPB,FALSE,0,https://i.postimg.cc/8C4XBYLT/Bez-nazvania170-20260713223200.png,,,"- пока тут нет никакой информации, известно только то, что мальчик топ 1 гей -",12459
14382,Aespha,world,false,0,images/profiles/Bez14382.png,,,-,12464
42850,airless,world,false,0,images/profiles/Bez42850.png,,,-,12612
14380,We4therMan,world,false,0,images/profiles/Bez14380.png,,,-,12686
14383,LittleBigKilla,world,false,0,images/profiles/Bez14383.png,,,-,12687
14384,Ballcat,world,false,0,images/profiles/Bez14384.png,,,-,12688
16647,Espii,world,false,0,images/profiles/Bez16647.png,,,-,12691
18886,ThisIsGDNick,world,false,0,images/profiles/Bez18886.png,,,-,12692
20934,sparktwo,world,false,0,images/profiles/Bez20934.png,,,-,12695
28488,Anglified,world,false,0,images/profiles/Bez28488.png,,,-,12705
29556,Alo,world,false,0,images/profiles/Bez29556.png,,,-,12708
36182,Ngxi,world,false,0,images/profiles/Bez36182.png,,,-,12724
38032,zyphur,world,false,0,images/profiles/Bez38032.png,,,-,12727
14385,Kohtpojiep,world,false,0,images/profiles/Bez14385.png,,,-,12765
14386,dongchi,world,false,0,images/profiles/Bez14386.png,,,-,12766
29555,Kz04,world,false,0,images/profiles/Bez29555.png,,,-,12773
14789,JacobyWang,world,false,0,images/profiles/Bez14789.png,,,-,12836
16646,DShifter,world,false,0,images/profiles/Bez16646.png,,,-,12838
18785,mrperson,world,false,0,images/profiles/Bez18785.png,,,-,12843
18804,CatGeo,world,false,0,images/profiles/Bez18804.png,,,-,12844
38030,xenbez7,world,false,0,images/profiles/Bez38030.png,,,-,12911
38855,CYRNO,world,false,0,images/profiles/Bez38855.png,,,-,12913
14388,Surjaco,world,false,0,images/profiles/Bez14388.png,,,-,12969
19377,eKaLass1e,world,false,0,images/profiles/Bez19377.png,,,-,12974
35704,wokecat,world,false,0,images/profiles/Bez35704.png,,,-,12985
14389,neigefeu,world,false,0,images/profiles/Bez14389.png,,,-,13112
14390,Janucha,world,false,0,images/profiles/Bez14390.png,,,-,13113
14391,SirPotato32,world,false,0,images/profiles/Bez14391.png,,,-,13114
14392,Eggnog,world,false,0,images/profiles/Bez14392.png,,,-,13115
14393,JAVP,world,false,0,images/profiles/Bez14393.png,,,-,13116
14394,Sminx,world,false,0,images/profiles/Bez14394.png,,,-,13117
14395,Drakosa,world,false,0,images/profiles/Bez14395.png,,,-,13118
18773,LiquidoxGMD,world,false,0,images/profiles/Bez18773.png,,,-,13158
18834,devastation19,world,false,0,images/profiles/Bez18834.png,,,-,13159
25069,YraX,world,false,0,images/profiles/Bez25069.png,,,-,13232
16340,Drewch,world,false,0,images/profiles/Bez16340.png,,,-,13630
16341,gmdman,world,false,0,images/profiles/Bez16341.png,,,-,13631
16342,Versus,world,false,0,images/profiles/Bez16342.png,,,-,13632
16343,Pennutoh,world,false,0,images/profiles/Bez16343.png,,,-,13633
1987,Vizitek,world,false,0,images/profiles/Bez1987.png,,,-,13652
16345,Novaach,se,false,0,images/profiles/Bez16345.png,,,-,13749
16490,zNickname,world,false,0,images/profiles/Bez16490.png,,,-,13750
35702,jemmathecube,world,false,0,images/profiles/Bez35702.png,,,-,13852
9999,test,,FALSE,0,https://i.postimg.cc/8C4XBYLT/Bez-nazvania170-20260713223200.png,,,"- пока тут нет никакой информации, известно только то, что мальчик топ 1 гей -",21421
10000,admin,SPB,FALSE,0,https://i.postimg.cc/5tgKqr84/Bez-nazvania170-20260713223129.png,,,"- пока тут нет никакой информации, известно только то, что мальчик топ 2 гей -",21422
10001,hertzogen,SPB,FALSE,0,https://i.postimg.cc/8C4XBYLT/Bez-nazvania170-20260713223200.png,,,"- пока тут нет никакой информации, известно только то, что мальчик топ 1 гей -",21423
10004,test04,SPB,FALSE,0,https://i.postimg.cc/8C4XBYLT/Bez-nazvania170-20260713223200.png,,,"- пока тут нет никакой информации, известно только то, что мальчик топ 2 гей -",21424
10033,Titan Channel,UA,FALSE,0,https://i.postimg.cc/wB24crD6/Bez-nazvania170-20260713223113.png,,,"- пока тут нет никакой информации, известно только то, что мальчик топ 1 гей -",21453
10034,Abobir,SPB,FALSE,0,https://i.postimg.cc/5tgKqr84/Bez-nazvania170-20260713223129.png,,,"- пока тут нет никакой информации, известно только то, что мальчик топ 2 гей -",21454
10035,Zen00nGD,RU,FALSE,0,https://i.postimg.cc/wB24crD6/Bez-nazvania170-20260713223113.png,,,"- пока тут нет никакой информации, известно только то, что мальчик топ 1 гей -",21455
10100,JohnatanGD,US,FALSE,0,https://i.postimg.cc/wB24crD6/Bez-nazvania170-20260713223113.png,,,"- пока тут нет никакой информации, известно только то, что мальчик топ 1 строитель а ну еще гей -",21514
10101,Pokox3pro5656,RU,FALSE,0,https://i.postimg.cc/wB24crD6/Bez-nazvania170-20260713223113.png,,,,21515
10102,LevaPopashka,RU,FALSE,0,https://i.postimg.cc/wB24crD6/Bez-nazvania170-20260713223113.png,,,,21516
10103,артур крутой 22867,RU,FALSE,0,https://i.postimg.cc/wB24crD6/Bez-nazvania170-20260713223113.png,,,,21517
10104,Dam1rYear,RU,FALSE,0,https://i.postimg.cc/wB24crD6/Bez-nazvania170-20260713223113.png,,,,21518
10105,tereo,RU,FALSE,0,https://i.postimg.cc/wB24crD6/Bez-nazvania170-20260713223113.png,,,,21519
10106,Skybody,WORLD,FALSE,0,https://i.postimg.cc/wB24crD6/Bez-nazvania170-20260713223113.png,,,,21520
