ranking_id,top_name,level_id,position,requirement
101,HCR,144339912,1,91
102,HCR,98186404,2,92
103,HCR,113074241,3,93
PCR_0,PCR,3393,1,66
PCR_1,PCR,3226,2,60
PCR_2,PCR,2976,3,44
PCR_3,PCR,3199,4,42
PCR_4,PCR,2660,5,56
PCR_5,PCR,3304,6,57
PCR_6,PCR,2684,7,49
PCR_7,PCR,2713,8,53
PCR_8,PCR,3278,9,44
PCR_9,PCR,3299,10,66
PCR_10,PCR,3369,11,51
PCR_11,PCR,3404,12,53
PCR_12,PCR,2928,13,50
PCR_13,PCR,3320,14,47
PCR_14,PCR,3275,15,65
PCR_15,PCR,2653,16,34
PCR_16,PCR,3368,17,40
PCR_17,PCR,2873,18,53
PCR_18,PCR,3389,19,52
PCR_19,PCR,2809,20,59
PCR_20,PCR,3109,21,61
PCR_21,PCR,2659,22,48
PCR_22,PCR,2687,23,63
PCR_23,PCR,2683,24,49
PCR_24,PCR,1706,25,53
PCR_25,PCR,2656,26,51
PCR_26,PCR,3096,27,44
PCR_27,PCR,2657,28,63
PCR_28,PCR,1724,29,49
PCR_29,PCR,2701,30,58
PCR_30,PCR,3351,31,68
PCR_31,PCR,2841,32,53
PCR_32,PCR,1748,33,58
PCR_33,PCR,1750,34,56
PCR_34,PCR,2655,35,64
PCR_35,PCR,2066,36,55
PCR_36,PCR,3352,37,54
PCR_37,PCR,3300,38,47
PCR_38,PCR,2830,39,51
PCR_39,PCR,3396,40,61
PCR_40,PCR,2688,41,56
PCR_41,PCR,2088,42,51
PCR_42,PCR,2485,43,55
PCR_43,PCR,1732,44,66
PCR_44,PCR,3281,45,62
PCR_45,PCR,3402,46,61
PCR_46,PCR,3125,47,50
PCR_47,PCR,3350,48,59
PCR_48,PCR,3279,49,41
PCR_49,PCR,2658,50,74
PCR_50,PCR,2853,51,55
PCR_51,PCR,2050,52,49
PCR_52,PCR,2090,53,46
PCR_53,PCR,3228,54,53
PCR_54,PCR,3342,55,68
PCR_55,PCR,3355,56,56
PCR_56,PCR,1981,57,54
PCR_57,PCR,2513,58,49
PCR_58,PCR,2837,59,56
PCR_59,PCR,2535,60,45
PCR_60,PCR,2902,61,49
PCR_61,PCR,3061,62,56
PCR_62,PCR,2372,63,60
PCR_63,PCR,1963,64,52
PCR_64,PCR,3251,65,65
PCR_65,PCR,2925,66,54
PCR_66,PCR,2264,67,56
PCR_67,PCR,2492,68,57
PCR_68,PCR,3303,69,52
PCR_69,PCR,2418,70,48
PCR_70,PCR,2854,71,58
PCR_71,PCR,3398,72,62
PCR_72,PCR,1934,73,57
PCR_73,PCR,3401,74,57
PCR_74,PCR,1653,75,52
PCR_75,PCR,1825,76,55
PCR_76,PCR,2083,77,39
PCR_77,PCR,3287,78,60
PCR_78,PCR,1638,79,57
PCR_79,PCR,1923,80,49
PCR_80,PCR,3337,81,65
PCR_81,PCR,2843,82,56
PCR_82,PCR,3285,83,41
PCR_83,PCR,2929,84,41
PCR_84,PCR,2685,85,54
PCR_85,PCR,2358,86,50
PCR_86,PCR,2478,87,55
PCR_87,PCR,2550,88,58
PCR_88,PCR,2967,89,60
PCR_89,PCR,3094,90,59
PCR_90,PCR,2563,91,59
PCR_91,PCR,3370,92,50
PCR_92,PCR,3399,93,66
PCR_93,PCR,2930,94,50
PCR_94,PCR,3127,95,49
PCR_95,PCR,3284,96,51
PCR_96,PCR,2200,97,51
PCR_97,PCR,3077,98,56
PCR_98,PCR,2537,99,48
PCR_99,PCR,2335,100,56
PCR_100,PCR,2570,101,53
PCR_101,PCR,3379,102,54
PCR_102,PCR,2696,103,49
PCR_103,PCR,3338,104,63
PCR_104,PCR,3354,105,47
PCR_105,PCR,2501,106,45
PCR_106,PCR,2387,107,57
PCR_107,PCR,2577,108,54
PCR_108,PCR,2689,109,52
PCR_109,PCR,3124,110,58
PCR_110,PCR,1857,111,53
PCR_111,PCR,1915,112,55
PCR_112,PCR,3282,113,50
PCR_113,PCR,1754,114,47
PCR_114,PCR,2692,115,53
PCR_115,PCR,2700,116,56
PCR_116,PCR,1733,117,61
PCR_117,PCR,1749,118,58
PCR_118,PCR,1892,119,45
PCR_119,PCR,3397,120,59
PCR_120,PCR,2536,121,55
PCR_121,PCR,2933,122,52
PCR_122,PCR,2477,123,59
PCR_123,PCR,3340,124,62
PCR_124,PCR,2673,125,57
PCR_125,PCR,3353,126,70
PCR_126,PCR,2236,127,50
PCR_127,PCR,2222,128,44
PCR_128,PCR,1740,129,50
PCR_129,PCR,1710,130,50
PCR_130,PCR,2946,131,59
PCR_131,PCR,3339,132,42
PCR_132,PCR,2622,133,52
PCR_133,PCR,1787,134,52
PCR_134,PCR,3341,135,50
PCR_135,PCR,2672,136,48
PCR_136,PCR,1589,137,45
PCR_137,PCR,1922,138,56
PCR_138,PCR,2719,139,67
PCR_139,PCR,2506,140,47
PCR_140,PCR,2870,141,58
PCR_141,PCR,2811,142,52
PCR_142,PCR,3095,143,54
PCR_143,PCR,2493,144,50
PCR_144,PCR,3276,145,49
PCR_145,PCR,1788,146,53
PCR_146,PCR,3400,147,55
PCR_147,PCR,2831,148,51
PCR_148,PCR,2235,149,53
PCR_149,PCR,1893,150,59
PCR_150,PCR,1746,151,53
PCR_151,PCR,3229,152,55
PCR_152,PCR,1591,153,53
PCR_153,PCR,3286,154,55
PCR_154,PCR,2927,155,60
PCR_155,PCR,1919,156,59
PCR_156,PCR,2089,157,55
PCR_157,PCR,2479,158,48
PCR_158,PCR,3128,159,50
PCR_159,PCR,3283,160,40
PCR_160,PCR,2745,161,49
PCR_161,PCR,2515,162,56
PCR_162,PCR,2931,163,52
PCR_163,PCR,2932,164,53
PCR_164,PCR,1552,165,57
PCR_165,PCR,2707,166,52
PCR_166,PCR,2458,167,50
PCR_167,PCR,2280,168,58
PCR_168,PCR,2674,169,51
PCR_169,PCR,3302,170,45
PCR_170,PCR,1586,171,61
PCR_171,PCR,2543,172,44
PCR_172,PCR,2449,173,56
PCR_173,PCR,2675,174,49
PCR_174,PCR,2671,175,53
PCR_175,PCR,3301,176,47
PCR_176,PCR,3126,177,63
PCR_177,PCR,2871,178,54
PCR_178,PCR,3280,179,56
PCR_179,PCR,3371,180,100
PCR_180,PCR,1569,181,58
PCR_181,PCR,1725,182,61
PCR_182,PCR,1644,183,63
PCR_183,PCR,1698,184,40
PCR_184,PCR,3327,185,100
PCR_185,PCR,2512,186,55
PCR_186,PCR,3110,187,51
PCR_187,PCR,2742,188,54
PCR_188,PCR,2728,189,56
PCR_189,PCR,2718,190,58
PCR_190,PCR,2319,191,56
PCR_191,PCR,1578,192,76
PCR_192,PCR,1995,193,61
PCR_193,PCR,2287,194,73
PCR_194,PCR,1696,195,48
PCR_195,PCR,3027,196,57
PCR_196,PCR,2865,197,59
PCR_197,PCR,2296,198,56
PCR_198,PCR,1952,199,55
PCR_199,PCR,2520,200,63
PCR_200,PCR,1783,201,50
PCR_201,PCR,1650,202,52
PCR_202,PCR,2423,203,47
PCR_203,PCR,1621,204,55
PCR_204,PCR,2810,205,53
PCR_205,PCR,1563,206,55
PCR_206,PCR,2307,207,44
PCR_207,PCR,2720,208,56
PCR_208,PCR,1853,209,27
PCR_209,PCR,2926,210,59
PCR_210,PCR,2945,211,55
PCR_211,PCR,2237,212,53
PCR_212,PCR,2827,213,58
PCR_213,PCR,2744,214,52
PCR_214,PCR,2872,215,59
PCR_215,PCR,1707,216,59
PCR_216,PCR,1910,217,54
PCR_217,PCR,2544,218,54
PCR_218,PCR,1975,219,100
PCR_219,PCR,3274,220,100
PCR_220,PCR,2636,221,49
PCR_221,PCR,2383,222,69
PCR_222,PCR,1784,223,66
PCR_223,PCR,2006,224,51
PCR_224,PCR,2534,225,62
PCR_225,PCR,1752,226,55
PCR_226,PCR,2201,227,100
PCR_227,PCR,2305,228,50
PCR_228,PCR,2937,229,100
PCR_229,PCR,2711,230,47
PCR_230,PCR,2082,231,62
PCR_231,PCR,2541,232,66
PCR_232,PCR,2505,233,52
PCR_233,PCR,2392,234,58
PCR_234,PCR,3107,235,100
PCR_235,PCR,2564,236,55
PCR_236,PCR,1575,237,49
PCR_237,PCR,2828,238,56
PCR_238,PCR,2202,239,100
PCR_239,PCR,2898,240,100
PCR_240,PCR,2018,241,65
PCR_241,PCR,3060,242,100
PCR_242,PCR,2435,243,51
PCR_243,PCR,2634,244,100
PCR_244,PCR,1704,245,53
PCR_245,PCR,2304,246,51
PCR_246,PCR,2095,247,100
PCR_247,PCR,2464,248,100
PCR_248,PCR,3403,249,100
PCR_249,PCR,3225,250,100
PCR_250,PCR,3273,251,100
PCR_251,PCR,2096,252,47
PCR_252,PCR,2285,253,60
PCR_253,PCR,2708,254,100
PCR_254,PCR,1588,255,57
PCR_255,PCR,2240,256,50
PCR_256,PCR,1551,257,63
PCR_257,PCR,1690,258,59
PCR_258,PCR,2712,259,100
PCR_259,PCR,2709,260,100
PCR_260,PCR,1756,261,50
PCR_261,PCR,3076,262,100
PCR_262,PCR,1858,263,51
PCR_263,PCR,1655,264,68
PCR_264,PCR,1579,265,53
PCR_265,PCR,2024,266,56
PCR_266,PCR,2867,267,100
PCR_267,PCR,2234,268,54
PCR_268,PCR,2150,269,60
PCR_269,PCR,2699,270,100
PCR_270,PCR,3372,271,100
PCR_271,PCR,1585,272,57
PCR_272,PCR,2670,273,55
PCR_273,PCR,2107,274,52
PCR_274,PCR,2389,275,100
PCR_275,PCR,2829,276,100
PCR_276,PCR,3277,277,100
PCR_277,PCR,1845,278,51
PCR_278,PCR,2936,279,100
PCR_279,PCR,2633,280,68
PCR_280,PCR,2775,281,100
PCR_281,PCR,2473,282,58
PCR_282,PCR,2065,283,100
PCR_283,PCR,2523,284,100
PCR_284,PCR,2960,285,100
PCR_285,PCR,2866,286,52
PCR_286,PCR,2052,287,74
PCR_287,PCR,2901,288,100
PCR_288,PCR,2033,289,54
PCR_289,PCR,2034,290,62
PCR_290,PCR,2394,291,100
PCR_291,PCR,2516,292,72
PCR_292,PCR,2430,293,100
PCR_293,PCR,2351,294,52
PCR_294,PCR,2402,295,100
PCR_295,PCR,2369,296,52
PCR_296,PCR,3198,297,100
PCR_297,PCR,3075,298,100
PCR_298,PCR,1791,299,58
PCR_299,PCR,2626,300,52
PCR_300,PCR,2060,301,100
PCR_301,PCR,2302,302,100
PCR_302,PCR,2393,303,65
PCR_303,PCR,1681,304,57
PCR_304,PCR,2149,305,100
PCR_305,PCR,2117,306,55
PCR_306,PCR,2366,307,55
PCR_307,PCR,3165,308,100
PCR_308,PCR,2422,309,56
PCR_309,PCR,2983,310,100
PCR_310,PCR,1864,311,100
PCR_311,PCR,3121,312,100
PCR_312,PCR,2808,313,100
PCR_313,PCR,3074,314,100
PCR_314,PCR,3123,315,100
PCR_315,PCR,2625,316,100
PCR_316,PCR,2439,317,100
PCR_317,PCR,2106,318,100
PCR_318,PCR,1726,319,100
PCR_319,PCR,3093,320,100
PCR_320,PCR,2143,321,100
PCR_321,PCR,2334,322,61
PCR_322,PCR,1546,323,100
PCR_323,PCR,1618,324,100
PCR_324,PCR,2676,325,100
PCR_325,PCR,3073,326,100
PCR_326,PCR,2269,327,100
PCR_327,PCR,3272,328,100
PCR_328,PCR,1914,329,52
PCR_329,PCR,2644,330,56
PCR_330,PCR,3072,331,100
PCR_331,PCR,3058,332,100
PCR_332,PCR,1956,333,100
PCR_333,PCR,2740,334,100
PCR_334,PCR,1824,335,47
PCR_335,PCR,3197,336,100
PCR_336,PCR,2011,337,100
PCR_337,PCR,2080,338,100
PCR_338,PCR,3092,339,100
PCR_339,PCR,2432,340,100
PCR_340,PCR,2054,341,100
PCR_341,PCR,2613,342,49
PCR_342,PCR,3106,343,100
PCR_343,PCR,3271,344,100
PCR_344,PCR,1652,345,100
PCR_345,PCR,2087,346,63
PCR_346,PCR,2115,347,100
PCR_347,PCR,3196,348,100
PCR_348,PCR,1883,349,100
PCR_349,PCR,2992,350,100
PCR_350,PCR,2514,351,100
PCR_351,PCR,2333,352,100
PCR_352,PCR,1928,353,100
PCR_353,PCR,3091,354,100
PCR_354,PCR,1778,355,100
PCR_355,PCR,2144,356,100
PCR_356,PCR,2554,357,100
PCR_357,PCR,2944,358,100
PCR_358,PCR,3057,359,100
PCR_359,PCR,2453,360,100
PCR_360,PCR,2826,361,100
PCR_361,PCR,2046,362,100
PCR_362,PCR,2325,363,100
PCR_363,PCR,2612,364,100
PCR_364,PCR,2463,365,100
PCR_365,PCR,2702,366,100
PCR_366,PCR,3250,367,100
PCR_367,PCR,1587,368,100
PCR_368,PCR,3249,369,100
PCR_369,PCR,3059,370,100
PCR_370,PCR,1727,371,100
PCR_371,PCR,1607,372,100
PCR_372,PCR,2125,373,100
PCR_373,PCR,1685,374,100
PCR_374,PCR,2609,375,100
PCR_375,PCR,2459,376,100
PCR_376,PCR,2889,377,100
PCR_377,PCR,1979,378,100
PCR_378,PCR,2648,379,100
PCR_379,PCR,2668,380,100
PCR_380,PCR,1680,381,100
PCR_381,PCR,2053,382,100
PCR_382,PCR,2986,383,100
PCR_383,PCR,2934,384,100
PCR_384,PCR,3270,385,100
PCR_385,PCR,2035,386,100
PCR_386,PCR,1604,387,100
PCR_387,PCR,2248,388,100
PCR_388,PCR,2109,389,100
PCR_389,PCR,3248,390,100
PCR_390,PCR,2221,391,100
PCR_391,PCR,3194,392,100
PCR_392,PCR,3164,393,100
PCR_393,PCR,2352,394,100
PCR_394,PCR,2001,395,100
PCR_395,PCR,2975,396,100
PCR_396,PCR,1844,397,100
PCR_397,PCR,2072,398,100
PCR_398,PCR,2935,399,100
PCR_399,PCR,1637,400,100
PCR_400,PCR,2938,401,100
PCR_401,PCR,2904,402,100
PCR_402,PCR,1739,403,100
PCR_403,PCR,1799,404,100
PCR_404,PCR,2903,405,100
PCR_405,PCR,1600,406,100
PCR_406,PCR,2510,407,100
PCR_407,PCR,1667,408,100
PCR_408,PCR,2638,409,100
PCR_409,PCR,2055,410,100
PCR_410,PCR,1832,411,100
PCR_411,PCR,2607,412,100
PCR_412,PCR,2575,413,100
PCR_413,PCR,3105,414,100
PCR_414,PCR,2545,415,100
PCR_415,PCR,2444,416,100
PCR_416,PCR,1559,417,100
PCR_417,PCR,1737,418,100
PCR_418,PCR,2610,419,100
PCR_419,PCR,2556,420,100
PCR_420,PCR,2259,421,100
PCR_421,PCR,3056,422,100
PCR_422,PCR,2298,423,100
PCR_423,PCR,3113,424,100
PCR_424,PCR,1793,425,100
PCR_425,PCR,2262,426,100
PCR_426,PCR,1794,427,100
PCR_427,PCR,2654,428,100
PCR_428,PCR,2438,429,100
PCR_429,PCR,3328,430,100
PCR_430,PCR,2180,431,100
PCR_431,PCR,3026,432,100
PCR_432,PCR,2196,433,100
PCR_433,PCR,2647,434,100
PCR_434,PCR,2420,435,100
PCR_435,PCR,1976,436,100
PCR_436,PCR,2242,437,100
PCR_437,PCR,2136,438,100
PCR_438,PCR,2114,439,100
PCR_439,PCR,2153,440,100
PCR_440,PCR,2025,441,100
PCR_441,PCR,2489,442,100
PCR_442,PCR,2807,443,100
PCR_443,PCR,3163,444,100
PCR_444,PCR,2370,445,100
PCR_445,PCR,1648,446,100
PCR_446,PCR,1576,447,100
PCR_447,PCR,2384,448,100
PCR_448,PCR,3247,449,100
PCR_449,PCR,2503,450,100
PCR_450,PCR,2169,451,100
PCR_451,PCR,2414,452,100
PCR_452,PCR,3215,453,100
PCR_453,PCR,2015,454,100
PCR_454,PCR,2984,455,100
PCR_455,PCR,1708,456,100
PCR_456,PCR,2907,457,100
PCR_457,PCR,1666,458,100
PCR_458,PCR,1668,459,100
PCR_459,PCR,1692,460,100
PCR_460,PCR,3055,461,100
PCR_461,PCR,3246,462,100
PCR_462,PCR,2173,463,100
PCR_463,PCR,2274,464,100
PCR_464,PCR,2461,465,100
PCR_465,PCR,3122,466,100
PCR_466,PCR,1885,467,100
PCR_467,PCR,3373,468,100
PCR_468,PCR,2239,469,100
PCR_469,PCR,1837,470,100
PCR_470,PCR,3380,471,100
PCR_471,PCR,3154,472,100
PCR_472,PCR,3054,473,100
PCR_473,PCR,2197,474,100
PCR_474,PCR,2842,475,100
PCR_475,PCR,2045,476,100
PCR_476,PCR,2189,477,100
PCR_477,PCR,2137,478,100
PCR_478,PCR,3053,479,100
PCR_479,PCR,3224,480,100
PCR_480,PCR,2124,481,100
PCR_481,PCR,2555,482,100
PCR_482,PCR,2982,483,100
PCR_483,PCR,1729,484,100
PCR_484,PCR,2584,485,100
PCR_485,PCR,1890,486,100
PCR_486,PCR,1863,487,100
PCR_487,PCR,2349,488,100
PCR_488,PCR,3192,489,100
PCR_489,PCR,2284,490,100
PCR_490,PCR,3269,491,100
PCR_491,PCR,3191,492,100
PCR_492,PCR,2693,493,100
PCR_493,PCR,1779,494,100
PCR_494,PCR,3071,495,100
PCR_495,PCR,3268,496,100
PCR_496,PCR,2268,497,100
PCR_497,PCR,1657,498,100
PCR_498,PCR,1939,499,100
PCR_499,PCR,3052,500,100
PCR_500,PCR,1705,501,100
PCR_501,PCR,2511,502,100
PCR_502,PCR,1802,503,100
PCR_503,PCR,1730,504,100
PCR_504,PCR,2062,505,100
PCR_505,PCR,1798,506,100
PCR_506,PCR,2790,507,100
PCR_507,PCR,1722,508,100
PCR_508,PCR,2160,509,100
PCR_509,PCR,1806,510,100
PCR_510,PCR,1626,511,100
PCR_511,PCR,1635,512,100
PCR_512,PCR,2219,513,100
PCR_513,PCR,1869,514,100
PCR_514,PCR,1716,515,100
PCR_515,PCR,2454,516,100
PCR_516,PCR,2596,517,100
PCR_517,PCR,1699,518,100
PCR_518,PCR,1608,519,100
PCR_519,PCR,3267,520,100
PCR_520,PCR,2767,521,100
PCR_521,PCR,1745,522,100
PCR_522,PCR,1982,523,100
PCR_523,PCR,1564,524,100
PCR_524,PCR,1747,525,100
PCR_525,PCR,2057,526,100
PCR_526,PCR,2623,527,100
PCR_527,PCR,1879,528,100
PCR_528,PCR,3070,529,100
PCR_529,PCR,2959,530,100
PCR_530,PCR,1989,531,100
PCR_531,PCR,1570,532,100
PCR_532,PCR,2127,533,100
PCR_533,PCR,1839,534,100
PCR_534,PCR,3394,535,100
PCR_535,PCR,2228,536,100
PCR_536,PCR,2483,537,100
PCR_537,PCR,3266,538,100
PCR_538,PCR,3190,539,100
PCR_539,PCR,3104,540,100
PCR_540,PCR,2755,541,100
PCR_541,PCR,2379,542,100
PCR_542,PCR,2111,543,100
PCR_543,PCR,1647,544,100
PCR_544,PCR,2232,545,100
PCR_545,PCR,2988,546,100
PCR_546,PCR,2910,547,100
PCR_547,PCR,1967,548,100
PCR_548,PCR,1936,549,100
PCR_549,PCR,3069,550,100
PCR_550,PCR,2906,551,100
PCR_551,PCR,2472,552,100
PCR_552,PCR,2185,553,100
PCR_553,PCR,1561,554,100
PCR_554,PCR,1684,555,100
PCR_555,PCR,2059,556,100
PCR_556,PCR,1697,557,100
PCR_557,PCR,2887,558,100
PCR_558,PCR,2161,559,100
PCR_559,PCR,1895,560,100
PCR_560,PCR,2436,561,100
PCR_561,PCR,2481,562,100
PCR_562,PCR,2735,563,100
PCR_563,PCR,2958,564,100
PCR_564,PCR,1831,565,100
PCR_565,PCR,2371,566,100
PCR_566,PCR,3189,567,100
PCR_567,PCR,3051,568,100
PCR_568,PCR,1711,569,100
PCR_569,PCR,1827,570,100
PCR_570,PCR,2525,571,100
PCR_571,PCR,2126,572,100
PCR_572,PCR,2075,573,100
PCR_573,PCR,1848,574,100
PCR_574,PCR,2064,575,100
PCR_575,PCR,2345,576,100
PCR_576,PCR,2825,577,100
PCR_577,PCR,2231,578,100
PCR_578,PCR,2324,579,100
PCR_579,PCR,2415,580,100
PCR_580,PCR,1738,581,100
PCR_581,PCR,1819,582,100
PCR_582,PCR,1663,583,100
PCR_583,PCR,2576,584,100
PCR_584,PCR,1686,585,100
PCR_585,PCR,3120,586,100
PCR_586,PCR,2909,587,100
PCR_587,PCR,3245,588,100
PCR_588,PCR,1619,589,100
PCR_589,PCR,1544,590,100
PCR_590,PCR,2586,591,100
PCR_591,PCR,3090,592,100
PCR_592,PCR,3188,593,100
PCR_593,PCR,2078,594,100
PCR_594,PCR,2397,595,100
PCR_595,PCR,3193,596,100
PCR_596,PCR,2213,597,100
PCR_597,PCR,3195,598,100
PCR_598,PCR,2615,599,100
PCR_599,PCR,1695,600,100
PCR_600,PCR,2406,601,100
PCR_601,PCR,2364,602,100
PCR_602,PCR,2496,603,100
PCR_603,PCR,2507,604,100
PCR_604,PCR,2502,605,100
PCR_605,PCR,1957,606,100
PCR_606,PCR,2508,607,100
PCR_607,PCR,1628,608,100
PCR_608,PCR,2079,609,100
PCR_609,PCR,1596,610,100
PCR_610,PCR,3329,611,100
PCR_611,PCR,3265,612,100
PCR_612,PCR,2009,613,100
PCR_613,PCR,3294,614,100
PCR_614,PCR,3288,615,100
PCR_615,PCR,1840,616,100
PCR_616,PCR,1828,617,100
PCR_617,PCR,2739,618,100
PCR_618,PCR,2223,619,100
PCR_619,PCR,1592,620,100
PCR_620,PCR,1660,621,100
PCR_621,PCR,1670,622,100
PCR_622,PCR,3187,623,100
PCR_623,PCR,1630,624,100
PCR_624,PCR,3162,625,100
PCR_625,PCR,2081,626,100
PCR_626,PCR,3161,627,100
PCR_627,PCR,3119,628,100
PCR_628,PCR,1736,629,100
PCR_629,PCR,2533,630,100
PCR_630,PCR,2040,631,100
PCR_631,PCR,2824,632,100
PCR_632,PCR,3244,633,100
PCR_633,PCR,2205,634,100
PCR_634,PCR,2896,635,100
PCR_635,PCR,2908,636,100
PCR_636,PCR,2249,637,100
PCR_637,PCR,2401,638,100
PCR_638,PCR,3186,639,100
PCR_639,PCR,3264,640,100
PCR_640,PCR,1973,641,100
PCR_641,PCR,2618,642,100
PCR_642,PCR,1553,643,100
PCR_643,PCR,2698,644,100
PCR_644,PCR,2165,645,100
PCR_645,PCR,2275,646,100
PCR_646,PCR,2913,647,100
PCR_647,PCR,2974,648,100
PCR_648,PCR,2981,649,100
PCR_649,PCR,1924,650,100
PCR_650,PCR,2604,651,100
PCR_651,PCR,2460,652,100
PCR_652,PCR,2386,653,100
PCR_653,PCR,2411,654,100
PCR_654,PCR,1775,655,100
PCR_655,PCR,1861,656,100
PCR_656,PCR,2318,657,100
PCR_657,PCR,3322,658,100
PCR_658,PCR,2314,659,100
PCR_659,PCR,2398,660,100
PCR_660,PCR,2766,661,100
PCR_661,PCR,1577,662,100
PCR_662,PCR,2278,663,100
PCR_663,PCR,2574,664,100
PCR_664,PCR,1687,665,100
PCR_665,PCR,1659,666,100
PCR_666,PCR,1994,667,100
PCR_667,PCR,2923,668,100
PCR_668,PCR,1627,669,100
PCR_669,PCR,1656,670,100
PCR_670,PCR,2760,671,100
PCR_671,PCR,2297,672,100
PCR_672,PCR,2630,673,100
PCR_673,PCR,2662,674,100
PCR_674,PCR,3330,675,100
PCR_675,PCR,2823,676,100
PCR_676,PCR,3158,677,100
PCR_677,PCR,2207,678,100
PCR_678,PCR,3157,679,100
PCR_679,PCR,2004,680,100
PCR_680,PCR,1770,681,100
PCR_681,PCR,1941,682,100
PCR_682,PCR,2922,683,100
PCR_683,PCR,2168,684,100
PCR_684,PCR,1766,685,100
PCR_685,PCR,3118,686,100
PCR_686,PCR,1850,687,100
PCR_687,PCR,2474,688,100
PCR_688,PCR,2041,689,100
PCR_689,PCR,1751,690,100
PCR_690,PCR,2238,691,100
PCR_691,PCR,2582,692,100
PCR_692,PCR,2147,693,100
PCR_693,PCR,3185,694,100
PCR_694,PCR,3156,695,100
PCR_695,PCR,3321,696,100
PCR_696,PCR,1872,697,100
PCR_697,PCR,2462,698,100
PCR_698,PCR,2176,699,100
PCR_699,PCR,2118,700,100
PCR_700,PCR,3089,701,100
PCR_701,PCR,2631,702,100
PCR_702,PCR,3103,703,100
PCR_703,PCR,1611,704,100
PCR_704,PCR,2049,705,100
PCR_705,PCR,1852,706,100
PCR_706,PCR,2733,707,100
PCR_707,PCR,1691,708,100
PCR_708,PCR,1606,709,100
PCR_709,PCR,2603,710,100
PCR_710,PCR,2021,711,100
PCR_711,PCR,2148,712,100
PCR_712,PCR,2017,713,100
PCR_713,PCR,2099,714,100
PCR_714,PCR,2646,715,100
PCR_715,PCR,2539,716,100
PCR_716,PCR,1867,717,100
PCR_717,PCR,3001,718,100
PCR_718,PCR,3214,719,100
PCR_719,PCR,2027,720,100
PCR_720,PCR,2344,721,100
PCR_721,PCR,2552,722,100
PCR_722,PCR,2022,723,100
PCR_723,PCR,2452,724,100
PCR_724,PCR,1743,725,100
PCR_725,PCR,2191,726,100
PCR_726,PCR,1612,727,100
PCR_727,PCR,2765,728,100
PCR_728,PCR,1646,729,100
PCR_729,PCR,1712,730,100
PCR_730,PCR,2491,731,100
PCR_731,PCR,2338,732,100
PCR_732,PCR,3295,733,100
PCR_733,PCR,2764,734,100
PCR_734,PCR,1679,735,100
PCR_735,PCR,1997,736,100
PCR_736,PCR,3184,737,100
PCR_737,PCR,2451,738,100
PCR_738,PCR,2210,739,100
PCR_739,PCR,1927,740,100
PCR_740,PCR,2061,741,100
PCR_741,PCR,2119,742,100
PCR_742,PCR,3323,743,100
PCR_743,PCR,1567,744,100
PCR_744,PCR,2002,745,100
PCR_745,PCR,2980,746,100
PCR_746,PCR,2892,747,100
PCR_747,PCR,3343,748,100
PCR_748,PCR,1842,749,100
PCR_749,PCR,3050,750,100
PCR_750,PCR,2966,751,100
PCR_751,PCR,2271,752,100
PCR_752,PCR,2010,753,100
PCR_753,PCR,1955,754,100
PCR_754,PCR,1866,755,100
PCR_755,PCR,1971,756,100
PCR_756,PCR,3331,757,100
PCR_757,PCR,2336,758,100
PCR_758,PCR,2468,759,100
PCR_759,PCR,3324,760,100
PCR_760,PCR,1818,761,100
PCR_761,PCR,2763,762,100
PCR_762,PCR,2943,763,100
PCR_763,PCR,2407,764,100
PCR_764,PCR,2611,765,100
PCR_765,PCR,2110,766,100
PCR_766,PCR,2568,767,100
PCR_767,PCR,2091,768,100
PCR_768,PCR,3296,769,100
PCR_769,PCR,2801,770,100
PCR_770,PCR,2690,771,100
PCR_771,PCR,3263,772,100
PCR_772,PCR,2097,773,100
PCR_773,PCR,3289,774,100
PCR_774,PCR,2308,775,100
PCR_775,PCR,2405,776,100
PCR_776,PCR,2519,777,100
PCR_777,PCR,1689,778,100
PCR_778,PCR,2987,779,100
PCR_779,PCR,2697,780,100
PCR_780,PCR,1797,781,100
PCR_781,PCR,1958,782,100
PCR_782,PCR,2677,783,100
PCR_783,PCR,2441,784,100
PCR_784,PCR,3160,785,100
PCR_785,PCR,3049,786,100
PCR_786,PCR,3183,787,100
PCR_787,PCR,2159,788,100
PCR_788,PCR,3223,789,100
PCR_789,PCR,2272,790,100
PCR_790,PCR,1854,791,100
PCR_791,PCR,2583,792,100
PCR_792,PCR,2579,793,100
PCR_793,PCR,1547,794,100
PCR_794,PCR,1620,795,100
PCR_795,PCR,2916,796,100
PCR_796,PCR,2715,797,100
PCR_797,PCR,2730,798,100
PCR_798,PCR,2005,799,100
PCR_799,PCR,1795,800,100
PCR_800,PCR,2428,801,100
PCR_801,PCR,1701,802,100
PCR_802,PCR,2023,803,100
PCR_803,PCR,2924,804,100
PCR_804,PCR,3048,805,100
PCR_805,PCR,2538,806,100
PCR_806,PCR,2409,807,100
PCR_807,PCR,3068,808,100
PCR_808,PCR,1925,809,100
PCR_809,PCR,2587,810,100
PCR_810,PCR,1786,811,100
PCR_811,PCR,1658,812,100
PCR_812,PCR,2919,813,100
PCR_813,PCR,2509,814,100
PCR_814,PCR,2187,815,100
PCR_815,PCR,1555,816,100
PCR_816,PCR,2247,817,100
PCR_817,PCR,1961,818,100
PCR_818,PCR,2822,819,100
PCR_819,PCR,2820,820,100
PCR_820,PCR,2581,821,100
PCR_821,PCR,1677,822,100
PCR_822,PCR,2553,823,100
PCR_823,PCR,2918,824,100
PCR_824,PCR,2891,825,100
PCR_825,PCR,2985,826,100
PCR_826,PCR,1602,827,100
PCR_827,PCR,2738,828,100
PCR_828,PCR,3047,829,100
PCR_829,PCR,2105,830,100
PCR_830,PCR,2761,831,100
PCR_831,PCR,2979,832,100
PCR_832,PCR,3159,833,100
PCR_833,PCR,1557,834,100
PCR_834,PCR,2788,835,100
PCR_835,PCR,2431,836,100
PCR_836,PCR,2878,837,100
PCR_837,PCR,2142,838,100
PCR_838,PCR,3046,839,100
PCR_839,PCR,2526,840,100
PCR_840,PCR,1714,841,100
PCR_841,PCR,1734,842,100
PCR_842,PCR,2600,843,100
PCR_843,PCR,2595,844,100
PCR_844,PCR,3356,845,100
PCR_845,PCR,1803,846,100
PCR_846,PCR,2732,847,100
PCR_847,PCR,2332,848,100
PCR_848,PCR,3262,849,100
PCR_849,PCR,2164,850,100
PCR_850,PCR,2350,851,100
PCR_851,PCR,2678,852,100
PCR_852,PCR,1572,853,100
PCR_853,PCR,2273,854,100
PCR_854,PCR,1909,855,100
PCR_855,PCR,2433,856,100
PCR_856,PCR,2077,857,100
PCR_857,PCR,1873,858,100
PCR_858,PCR,2410,859,100
PCR_859,PCR,2131,860,100
PCR_860,PCR,2500,861,100
PCR_861,PCR,1896,862,100
PCR_862,PCR,2408,863,100
PCR_863,PCR,1761,864,100
PCR_864,PCR,2426,865,100
PCR_865,PCR,2399,866,100
PCR_866,PCR,1862,867,100
PCR_867,PCR,3117,868,100
PCR_868,PCR,2327,869,100
PCR_869,PCR,3325,870,100
PCR_870,PCR,2605,871,100
PCR_871,PCR,3067,872,100
PCR_872,PCR,3361,873,100
PCR_873,PCR,1859,874,100
PCR_874,PCR,2914,875,100
PCR_875,PCR,2378,876,100
PCR_876,PCR,2098,877,100
PCR_877,PCR,2617,878,100
PCR_878,PCR,1835,879,100
PCR_879,PCR,1865,880,100
PCR_880,PCR,1573,881,100
PCR_881,PCR,2195,882,100
PCR_882,PCR,2039,883,100
PCR_883,PCR,2261,884,100
PCR_884,PCR,2008,885,100
PCR_885,PCR,2154,886,100
PCR_886,PCR,3213,887,100
PCR_887,PCR,1678,888,100
PCR_888,PCR,2475,889,100
PCR_889,PCR,2580,890,100
PCR_890,PCR,3381,891,100
PCR_891,PCR,2326,892,100
PCR_892,PCR,2188,893,100
PCR_893,PCR,3261,894,100
PCR_894,PCR,2413,895,100
PCR_895,PCR,2286,896,100
PCR_896,PCR,1622,897,100
PCR_897,PCR,2138,898,100
PCR_898,PCR,2680,899,100
PCR_899,PCR,2973,900,100
PCR_900,PCR,3045,901,100
PCR_901,PCR,2032,902,100
PCR_902,PCR,2883,903,100
PCR_903,PCR,3242,904,100
PCR_904,PCR,3290,905,100
PCR_905,PCR,1905,906,100
PCR_906,PCR,3116,907,100
PCR_907,PCR,2293,908,100
PCR_908,PCR,1662,909,100
PCR_909,PCR,2540,910,100
PCR_910,PCR,2446,911,100
PCR_911,PCR,1830,912,100
PCR_912,PCR,3326,913,100
PCR_913,PCR,1703,914,100
PCR_914,PCR,2487,915,100
PCR_915,PCR,1581,916,100
PCR_916,PCR,2495,917,100
PCR_917,PCR,1639,918,100
PCR_918,PCR,2051,919,100
PCR_919,PCR,2388,920,100
PCR_920,PCR,2789,921,100
PCR_921,PCR,3357,922,100
PCR_922,PCR,2362,923,100
PCR_923,PCR,2578,924,100
PCR_924,PCR,1665,925,100
PCR_925,PCR,3115,926,100
PCR_926,PCR,2956,927,100
PCR_927,PCR,3087,928,100
PCR_928,PCR,3182,929,100
PCR_929,PCR,1723,930,100
PCR_930,PCR,1999,931,100
PCR_931,PCR,1940,932,100
PCR_932,PCR,1931,933,100
PCR_933,PCR,2862,934,100
PCR_934,PCR,2608,935,100
PCR_935,PCR,1735,936,100
PCR_936,PCR,1645,937,100
PCR_937,PCR,3114,938,100
PCR_938,PCR,3305,939,100
PCR_939,PCR,1613,940,100
PCR_940,PCR,3102,941,100
PCR_941,PCR,1753,942,100
PCR_942,PCR,2480,943,100
PCR_943,PCR,2404,944,100
PCR_944,PCR,2214,945,100
PCR_945,PCR,2759,946,100
PCR_946,PCR,3066,947,100
PCR_947,PCR,1993,948,100
PCR_948,PCR,3065,949,100
PCR_949,PCR,2547,950,100
PCR_950,PCR,3025,951,100
PCR_951,PCR,1900,952,100
PCR_952,PCR,2067,953,100
PCR_953,PCR,2527,954,100
PCR_954,PCR,3306,955,100
PCR_955,PCR,1693,956,100
PCR_956,PCR,3064,957,100
PCR_957,PCR,3043,958,100
PCR_958,PCR,1880,959,100
PCR_959,PCR,1897,960,100
PCR_960,PCR,2695,961,100
PCR_961,PCR,2152,962,100
PCR_962,PCR,3024,963,100
PCR_963,PCR,1962,964,100
PCR_964,PCR,2122,965,100
PCR_965,PCR,1846,966,100
PCR_966,PCR,1950,967,100
PCR_967,PCR,2092,968,100
PCR_968,PCR,1595,969,100
PCR_969,PCR,2614,970,100
PCR_970,PCR,2417,971,100
PCR_971,PCR,1929,972,100
PCR_972,PCR,3212,973,100
PCR_973,PCR,2329,974,100
PCR_974,PCR,2884,975,100
PCR_975,PCR,3307,976,100
PCR_976,PCR,3291,977,100
PCR_977,PCR,2955,978,100
PCR_978,PCR,2316,979,100
PCR_979,PCR,2299,980,100
PCR_980,PCR,2103,981,100
PCR_981,PCR,2787,982,100
PCR_982,PCR,1841,983,100
PCR_983,PCR,2799,984,100
PCR_984,PCR,1610,985,100
PCR_985,PCR,3042,986,100
PCR_986,PCR,1671,987,100
PCR_987,PCR,1954,988,100
PCR_988,PCR,2762,989,100
PCR_989,PCR,2251,990,100
PCR_990,PCR,3155,991,100
PCR_991,PCR,2340,992,100
PCR_992,PCR,2367,993,100
PCR_993,PCR,2320,994,100
PCR_994,PCR,3181,995,100
PCR_995,PCR,2070,996,100
PCR_996,PCR,2471,997,100
PCR_997,PCR,2069,998,100
PCR_998,PCR,2888,999,100
PCR_999,PCR,3041,1000,100
PCR_1000,PCR,2954,1001,100
PCR_1001,PCR,3241,1002,100
PCR_1002,PCR,1538,1003,100
PCR_1003,PCR,1773,1004,100
PCR_1004,PCR,2624,1005,100
PCR_1005,PCR,1881,1006,100
PCR_1006,PCR,2315,1007,100
PCR_1007,PCR,1977,1008,100
PCR_1008,PCR,1809,1009,100
PCR_1009,PCR,2643,1010,100
PCR_1010,PCR,2664,1011,100
PCR_1011,PCR,3086,1012,100
PCR_1012,PCR,2989,1013,100
PCR_1013,PCR,2016,1014,100
PCR_1014,PCR,1887,1015,100
PCR_1015,PCR,1780,1016,100
PCR_1016,PCR,2341,1017,100
PCR_1017,PCR,2170,1018,100
PCR_1018,PCR,2317,1019,100
PCR_1019,PCR,1860,1020,100
PCR_1020,PCR,2208,1021,100
PCR_1021,PCR,2798,1022,100
PCR_1022,PCR,2073,1023,100
PCR_1023,PCR,2757,1024,100
PCR_1024,PCR,3222,1025,100
PCR_1025,PCR,3180,1026,100
PCR_1026,PCR,3023,1027,100
PCR_1027,PCR,2821,1028,100
PCR_1028,PCR,1542,1029,100
PCR_1029,PCR,2250,1030,100
PCR_1030,PCR,2134,1031,100
PCR_1031,PCR,2616,1032,100
PCR_1032,PCR,2162,1033,100
PCR_1033,PCR,1760,1034,100
PCR_1034,PCR,2881,1035,100
PCR_1035,PCR,2158,1036,100
PCR_1036,PCR,2716,1037,100
PCR_1037,PCR,1984,1038,100
PCR_1038,PCR,3022,1039,100
PCR_1039,PCR,1808,1040,100
PCR_1040,PCR,2566,1041,100
PCR_1041,PCR,1728,1042,100
PCR_1042,PCR,2290,1043,100
PCR_1043,PCR,3386,1044,100
PCR_1044,PCR,2135,1045,100
PCR_1045,PCR,3314,1046,100
PCR_1046,PCR,3260,1047,100
PCR_1047,PCR,3153,1048,100
PCR_1048,PCR,2220,1049,100
PCR_1049,PCR,2819,1050,100
PCR_1050,PCR,3221,1051,100
PCR_1051,PCR,2171,1052,100
PCR_1052,PCR,1537,1053,100
PCR_1053,PCR,2650,1054,100
PCR_1054,PCR,2860,1055,100
PCR_1055,PCR,1543,1056,100
PCR_1056,PCR,1902,1057,100
PCR_1057,PCR,2361,1058,100
PCR_1058,PCR,2267,1059,100
PCR_1059,PCR,1945,1060,100
PCR_1060,PCR,1717,1061,100
PCR_1061,PCR,3211,1062,100
PCR_1062,PCR,3374,1063,100
PCR_1063,PCR,2593,1064,100
PCR_1064,PCR,2167,1065,100
PCR_1065,PCR,3085,1066,100
PCR_1066,PCR,1550,1067,100
PCR_1067,PCR,2063,1068,100
PCR_1068,PCR,2942,1069,100
PCR_1069,PCR,2256,1070,100
PCR_1070,PCR,2844,1071,100
PCR_1071,PCR,2663,1072,100
PCR_1072,PCR,1871,1073,100
PCR_1073,PCR,2953,1074,100
PCR_1074,PCR,3179,1075,100
PCR_1075,PCR,2129,1076,100
PCR_1076,PCR,2694,1077,100
PCR_1077,PCR,2806,1078,100
PCR_1078,PCR,1702,1079,100
PCR_1079,PCR,2419,1080,100
PCR_1080,PCR,2130,1081,100
PCR_1081,PCR,1987,1082,100
PCR_1082,PCR,1942,1083,100
PCR_1083,PCR,1676,1084,100
PCR_1084,PCR,2140,1085,100
PCR_1085,PCR,2805,1086,100
PCR_1086,PCR,2886,1087,100
PCR_1087,PCR,3040,1088,100
PCR_1088,PCR,1912,1089,100
PCR_1089,PCR,2965,1090,100
PCR_1090,PCR,2194,1091,100
PCR_1091,PCR,1833,1092,100
PCR_1092,PCR,2030,1093,100
PCR_1093,PCR,3000,1094,100
PCR_1094,PCR,2354,1095,100
PCR_1095,PCR,2859,1096,100
PCR_1096,PCR,2037,1097,100
PCR_1097,PCR,2112,1098,100
PCR_1098,PCR,1765,1099,100
PCR_1099,PCR,1894,1100,100
PCR_1100,PCR,2243,1101,100
PCR_1101,PCR,2894,1102,100
PCR_1102,PCR,1874,1103,100
PCR_1103,PCR,3084,1104,100
PCR_1104,PCR,1741,1105,100
PCR_1105,PCR,3210,1106,100
PCR_1106,PCR,3083,1107,100
PCR_1107,PCR,3259,1108,100
PCR_1108,PCR,2300,1109,100
PCR_1109,PCR,2620,1110,100
PCR_1110,PCR,3039,1111,100
PCR_1111,PCR,2531,1112,100
PCR_1112,PCR,2861,1113,100
PCR_1113,PCR,1603,1114,100
PCR_1114,PCR,2917,1115,100
PCR_1115,PCR,2964,1116,100
PCR_1116,PCR,2952,1117,100
PCR_1117,PCR,2518,1118,100
PCR_1118,PCR,1763,1119,100
PCR_1119,PCR,2817,1120,100
PCR_1120,PCR,2120,1121,100
PCR_1121,PCR,1877,1122,100
PCR_1122,PCR,3209,1123,100
PCR_1123,PCR,3088,1124,100
PCR_1124,PCR,1574,1125,100
PCR_1125,PCR,2951,1126,100
PCR_1126,PCR,3178,1127,100
PCR_1127,PCR,2804,1128,100
PCR_1128,PCR,1540,1129,100
PCR_1129,PCR,2522,1130,100
PCR_1130,PCR,2560,1131,100
PCR_1131,PCR,1930,1132,100
PCR_1132,PCR,1642,1133,100
PCR_1133,PCR,2374,1134,100
PCR_1134,PCR,1904,1135,100
PCR_1135,PCR,2532,1136,100
PCR_1136,PCR,2845,1137,100
PCR_1137,PCR,2244,1138,100
PCR_1138,PCR,2241,1139,100
PCR_1139,PCR,3021,1140,100
PCR_1140,PCR,1625,1141,100
PCR_1141,PCR,3152,1142,100
PCR_1142,PCR,2786,1143,100
PCR_1143,PCR,2443,1144,100
PCR_1144,PCR,2116,1145,100
PCR_1145,PCR,2667,1146,100
PCR_1146,PCR,2963,1147,100
PCR_1147,PCR,2003,1148,100
PCR_1148,PCR,2679,1149,100
PCR_1149,PCR,1675,1150,100
PCR_1150,PCR,1673,1151,100
PCR_1151,PCR,2146,1152,100
PCR_1152,PCR,3151,1153,100
PCR_1153,PCR,3082,1154,100
PCR_1154,PCR,2026,1155,100
PCR_1155,PCR,1682,1156,100
PCR_1156,PCR,1767,1157,100
PCR_1157,PCR,2257,1158,100
PCR_1158,PCR,3375,1159,100
PCR_1159,PCR,2756,1160,100
PCR_1160,PCR,3208,1161,100
PCR_1161,PCR,2785,1162,100
PCR_1162,PCR,2772,1163,100
PCR_1163,PCR,2469,1164,100
PCR_1164,PCR,2999,1165,100
PCR_1165,PCR,2521,1166,100
PCR_1166,PCR,2174,1167,100
PCR_1167,PCR,2337,1168,100
PCR_1168,PCR,2591,1169,100
PCR_1169,PCR,2592,1170,100
PCR_1170,PCR,2998,1171,100
PCR_1171,PCR,2990,1172,100
PCR_1172,PCR,2029,1173,100
PCR_1173,PCR,2590,1174,100
PCR_1174,PCR,2816,1175,100
PCR_1175,PCR,3020,1176,100
PCR_1176,PCR,1908,1177,100
PCR_1177,PCR,2206,1178,100
PCR_1178,PCR,2279,1179,100
PCR_1179,PCR,2565,1180,100
PCR_1180,PCR,2705,1181,100
PCR_1181,PCR,1996,1182,100
PCR_1182,PCR,2572,1183,100
PCR_1183,PCR,3315,1184,100
PCR_1184,PCR,2427,1185,100
PCR_1185,PCR,2321,1186,100
PCR_1186,PCR,3038,1187,100
PCR_1187,PCR,2434,1188,100
PCR_1188,PCR,2071,1189,100
PCR_1189,PCR,1947,1190,100
PCR_1190,PCR,1792,1191,100
PCR_1191,PCR,2306,1192,100
PCR_1192,PCR,2962,1193,100
PCR_1193,PCR,3308,1194,100
PCR_1194,PCR,2391,1195,100
PCR_1195,PCR,3207,1196,100
PCR_1196,PCR,2754,1197,100
PCR_1197,PCR,3101,1198,100
PCR_1198,PCR,2281,1199,100
PCR_1199,PCR,2104,1200,100
PCR_1200,PCR,1838,1201,100
PCR_1201,PCR,1609,1202,100
PCR_1202,PCR,3206,1203,100
PCR_1203,PCR,1985,1204,100
PCR_1204,PCR,2139,1205,100
PCR_1205,PCR,1605,1206,100
PCR_1206,PCR,2376,1207,100
PCR_1207,PCR,1631,1208,100
PCR_1208,PCR,2727,1209,100
PCR_1209,PCR,1823,1210,100
PCR_1210,PCR,2233,1211,100
PCR_1211,PCR,2850,1212,100
PCR_1212,PCR,1988,1213,100
PCR_1213,PCR,2524,1214,100
PCR_1214,PCR,2175,1215,100
PCR_1215,PCR,2957,1216,100
PCR_1216,PCR,2882,1217,100
PCR_1217,PCR,2303,1218,100
PCR_1218,PCR,1558,1219,100
PCR_1219,PCR,2218,1220,100
PCR_1220,PCR,2282,1221,100
PCR_1221,PCR,2466,1222,100
PCR_1222,PCR,2277,1223,100
PCR_1223,PCR,2193,1224,100
PCR_1224,PCR,1643,1225,100
PCR_1225,PCR,1709,1226,100
PCR_1226,PCR,3309,1227,100
PCR_1227,PCR,2941,1228,100
PCR_1228,PCR,2635,1229,100
PCR_1229,PCR,1944,1230,100
PCR_1230,PCR,3081,1231,100
PCR_1231,PCR,1772,1232,100
PCR_1232,PCR,1623,1233,100
PCR_1233,PCR,3150,1234,100
PCR_1234,PCR,3019,1235,100
PCR_1235,PCR,2227,1236,100
PCR_1236,PCR,1571,1237,100
PCR_1237,PCR,1549,1238,100
PCR_1238,PCR,2375,1239,100
PCR_1239,PCR,1782,1240,100
PCR_1240,PCR,1937,1241,100
PCR_1241,PCR,1951,1242,100
PCR_1242,PCR,2447,1243,100
PCR_1243,PCR,2166,1244,100
PCR_1244,PCR,1918,1245,100
PCR_1245,PCR,2557,1246,100
PCR_1246,PCR,2602,1247,100
PCR_1247,PCR,2412,1248,100
PCR_1248,PCR,1913,1249,100
PCR_1249,PCR,3362,1250,100
PCR_1250,PCR,3363,1251,100
PCR_1251,PCR,3240,1252,100
PCR_1252,PCR,1820,1253,100
PCR_1253,PCR,2155,1254,100
PCR_1254,PCR,3177,1255,100
PCR_1255,PCR,1759,1256,100
PCR_1256,PCR,2885,1257,100
PCR_1257,PCR,2276,1258,100
PCR_1258,PCR,3080,1259,100
PCR_1259,PCR,1817,1260,100
PCR_1260,PCR,1776,1261,100
PCR_1261,PCR,2403,1262,100
PCR_1262,PCR,3037,1263,100
PCR_1263,PCR,3358,1264,100
PCR_1264,PCR,2246,1265,100
PCR_1265,PCR,1969,1266,100
PCR_1266,PCR,1720,1267,100
PCR_1267,PCR,1700,1268,100
PCR_1268,PCR,3376,1269,100
PCR_1269,PCR,3258,1270,100
PCR_1270,PCR,3205,1271,100
PCR_1271,PCR,2571,1272,100
PCR_1272,PCR,2796,1273,100
PCR_1273,PCR,2815,1274,100
PCR_1274,PCR,3176,1275,100
PCR_1275,PCR,2355,1276,100
PCR_1276,PCR,2997,1277,100
PCR_1277,PCR,2353,1278,100
PCR_1278,PCR,2347,1279,100
PCR_1279,PCR,2226,1280,100
PCR_1280,PCR,2940,1281,100
PCR_1281,PCR,2488,1282,100
PCR_1282,PCR,3036,1283,100
PCR_1283,PCR,2530,1284,100
PCR_1284,PCR,3316,1285,100
PCR_1285,PCR,3148,1286,100
PCR_1286,PCR,1616,1287,100
PCR_1287,PCR,2753,1288,100
PCR_1288,PCR,1654,1289,100
PCR_1289,PCR,1554,1290,100
PCR_1290,PCR,2484,1291,100
PCR_1291,PCR,3216,1292,100
PCR_1292,PCR,1594,1293,100
PCR_1293,PCR,3257,1294,100
PCR_1294,PCR,1651,1295,100
PCR_1295,PCR,2649,1296,100
PCR_1296,PCR,2996,1297,100
PCR_1297,PCR,1721,1298,100
PCR_1298,PCR,3149,1299,100
PCR_1299,PCR,2797,1300,100
PCR_1300,PCR,2100,1301,100
PCR_1301,PCR,1888,1302,100
PCR_1302,PCR,2599,1303,100
PCR_1303,PCR,2357,1304,100
PCR_1304,PCR,1870,1305,100
PCR_1305,PCR,2621,1306,100
PCR_1306,PCR,2215,1307,100
PCR_1307,PCR,3175,1308,100
PCR_1308,PCR,1584,1309,100
PCR_1309,PCR,2013,1310,100
PCR_1310,PCR,3147,1311,100
PCR_1311,PCR,2186,1312,100
PCR_1312,PCR,2921,1313,100
PCR_1313,PCR,1590,1314,100
PCR_1314,PCR,3239,1315,100
PCR_1315,PCR,2486,1316,100
PCR_1316,PCR,3100,1317,100
PCR_1317,PCR,2950,1318,100
PCR_1318,PCR,2288,1319,100
PCR_1319,PCR,3364,1320,100
PCR_1320,PCR,2230,1321,100
PCR_1321,PCR,1906,1322,100
PCR_1322,PCR,2042,1323,100
PCR_1323,PCR,3365,1324,100
PCR_1324,PCR,1617,1325,100
PCR_1325,PCR,2897,1326,100
PCR_1326,PCR,3174,1327,100
PCR_1327,PCR,2848,1328,100
PCR_1328,PCR,2390,1329,100
PCR_1329,PCR,1764,1330,100
PCR_1330,PCR,2651,1331,100
PCR_1331,PCR,3008,1332,100
PCR_1332,PCR,2639,1333,100
PCR_1333,PCR,2476,1334,100
PCR_1334,PCR,3146,1335,100
PCR_1335,PCR,2737,1336,100
PCR_1336,PCR,2783,1337,100
PCR_1337,PCR,2793,1338,100
PCR_1338,PCR,2971,1339,100
PCR_1339,PCR,1970,1340,100
PCR_1340,PCR,2606,1341,100
PCR_1341,PCR,1972,1342,100
PCR_1342,PCR,3332,1343,100
PCR_1343,PCR,2803,1344,100
PCR_1344,PCR,1755,1345,100
PCR_1345,PCR,2725,1346,100
PCR_1346,PCR,3238,1347,100
PCR_1347,PCR,2360,1348,100
PCR_1348,PCR,1834,1349,100
PCR_1349,PCR,2043,1350,100
PCR_1350,PCR,2771,1351,100
PCR_1351,PCR,3079,1352,100
PCR_1352,PCR,3366,1353,100
PCR_1353,PCR,1843,1354,100
PCR_1354,PCR,2794,1355,100
PCR_1355,PCR,1758,1356,100
PCR_1356,PCR,2970,1357,100
PCR_1357,PCR,2750,1358,100
PCR_1358,PCR,2031,1359,100
PCR_1359,PCR,1669,1360,100
PCR_1360,PCR,2846,1361,100
PCR_1361,PCR,1807,1362,100
PCR_1362,PCR,2548,1363,100
PCR_1363,PCR,2424,1364,100
PCR_1364,PCR,1946,1365,100
PCR_1365,PCR,1672,1366,100
PCR_1366,PCR,3333,1367,100
PCR_1367,PCR,3334,1368,100
PCR_1368,PCR,2322,1369,100
PCR_1369,PCR,3018,1370,100
PCR_1370,PCR,1901,1371,100
PCR_1371,PCR,3344,1372,100
PCR_1372,PCR,2258,1373,100
PCR_1373,PCR,1815,1374,100
PCR_1374,PCR,2301,1375,100
PCR_1375,PCR,2632,1376,100
PCR_1376,PCR,3256,1377,100
PCR_1377,PCR,2875,1378,100
PCR_1378,PCR,1966,1379,100
PCR_1379,PCR,2504,1380,100
PCR_1380,PCR,2877,1381,100
PCR_1381,PCR,2851,1382,100
PCR_1382,PCR,2814,1383,100
PCR_1383,PCR,2994,1384,100
PCR_1384,PCR,2939,1385,100
PCR_1385,PCR,2770,1386,100
PCR_1386,PCR,2179,1387,100
PCR_1387,PCR,1649,1388,100
PCR_1388,PCR,2782,1389,100
PCR_1389,PCR,1948,1390,100
PCR_1390,PCR,2172,1391,100
PCR_1391,PCR,2640,1392,100
PCR_1392,PCR,3145,1393,100
PCR_1393,PCR,2993,1394,100
PCR_1394,PCR,2682,1395,100
PCR_1395,PCR,3144,1396,100
PCR_1396,PCR,2339,1397,100
PCR_1397,PCR,2225,1398,100
PCR_1398,PCR,2752,1399,100
PCR_1399,PCR,2758,1400,100
PCR_1400,PCR,2014,1401,100
PCR_1401,PCR,3237,1402,100
PCR_1402,PCR,3143,1403,100
PCR_1403,PCR,1804,1404,100
PCR_1404,PCR,2569,1405,100
PCR_1405,PCR,2858,1406,100
PCR_1406,PCR,1836,1407,100
PCR_1407,PCR,3142,1408,100
PCR_1408,PCR,2094,1409,100
PCR_1409,PCR,3007,1410,100
PCR_1410,PCR,3141,1411,100
PCR_1411,PCR,3035,1412,100
PCR_1412,PCR,1855,1413,100
PCR_1413,PCR,3034,1414,100
PCR_1414,PCR,1847,1415,100
PCR_1415,PCR,2331,1416,100
PCR_1416,PCR,2641,1417,100
PCR_1417,PCR,1614,1418,100
PCR_1418,PCR,3236,1419,100
PCR_1419,PCR,2084,1420,100
PCR_1420,PCR,2781,1421,100
PCR_1421,PCR,1991,1422,100
PCR_1422,PCR,2880,1423,100
PCR_1423,PCR,2323,1424,100
PCR_1424,PCR,2780,1425,100
PCR_1425,PCR,3006,1426,100
PCR_1426,PCR,2876,1427,100
PCR_1427,PCR,2542,1428,100
PCR_1428,PCR,1565,1429,100
PCR_1429,PCR,3252,1430,100
PCR_1430,PCR,2199,1431,100
PCR_1431,PCR,1694,1432,100
PCR_1432,PCR,2356,1433,100
PCR_1433,PCR,3387,1434,100
PCR_1434,PCR,2499,1435,100
PCR_1435,PCR,2991,1436,100
PCR_1436,PCR,2467,1437,100
PCR_1437,PCR,1545,1438,100
PCR_1438,PCR,1932,1439,100
PCR_1439,PCR,3033,1440,100
PCR_1440,PCR,1580,1441,100
PCR_1441,PCR,2151,1442,100
PCR_1442,PCR,1891,1443,100
PCR_1443,PCR,3173,1444,100
PCR_1444,PCR,1964,1445,100
PCR_1445,PCR,2978,1446,100
PCR_1446,PCR,2529,1447,100
PCR_1447,PCR,2429,1448,100
PCR_1448,PCR,1968,1449,100
PCR_1449,PCR,2396,1450,100
PCR_1450,PCR,2328,1451,100
PCR_1451,PCR,2182,1452,100
PCR_1452,PCR,2961,1453,100
PCR_1453,PCR,2494,1454,100
PCR_1454,PCR,2007,1455,100
PCR_1455,PCR,1597,1456,100
PCR_1456,PCR,2266,1457,100
PCR_1457,PCR,2245,1458,100
PCR_1458,PCR,3044,1459,100
PCR_1459,PCR,2209,1460,100
PCR_1460,PCR,1878,1461,100
PCR_1461,PCR,1731,1462,100
PCR_1462,PCR,2181,1463,100
PCR_1463,PCR,2598,1464,100
PCR_1464,PCR,1938,1465,100
PCR_1465,PCR,3005,1466,100
PCR_1466,PCR,1568,1467,100
PCR_1467,PCR,3359,1468,100
PCR_1468,PCR,2108,1469,100
PCR_1469,PCR,2528,1470,100
PCR_1470,PCR,2681,1471,100
PCR_1471,PCR,3172,1472,100
PCR_1472,PCR,1539,1473,100
PCR_1473,PCR,3220,1474,100
PCR_1474,PCR,3367,1475,100
PCR_1475,PCR,1816,1476,100
PCR_1476,PCR,2102,1477,100
PCR_1477,PCR,2573,1478,100
PCR_1478,PCR,3017,1479,100
PCR_1479,PCR,2145,1480,100
PCR_1480,PCR,2559,1481,100
PCR_1481,PCR,2628,1482,100
PCR_1482,PCR,2661,1483,100
PCR_1483,PCR,2893,1484,100
PCR_1484,PCR,2359,1485,100
PCR_1485,PCR,1661,1486,100
PCR_1486,PCR,2645,1487,100
PCR_1487,PCR,2048,1488,100
PCR_1488,PCR,3016,1489,100
PCR_1489,PCR,3345,1490,100
PCR_1490,PCR,2769,1491,100
PCR_1491,PCR,1907,1492,100
PCR_1492,PCR,2800,1493,100
PCR_1493,PCR,3317,1494,100
PCR_1494,PCR,1949,1495,100
PCR_1495,PCR,1719,1496,100
PCR_1496,PCR,3140,1497,100
PCR_1497,PCR,1903,1498,100
PCR_1498,PCR,2665,1499,100
PCR_1499,PCR,2012,1500,100
PCR_1500,PCR,3219,1501,100
PCR_1501,PCR,3171,1502,100
PCR_1502,PCR,3170,1503,100
PCR_1503,PCR,3099,1504,100
PCR_1504,PCR,2949,1505,100
PCR_1505,PCR,2038,1506,100
PCR_1506,PCR,1812,1507,100
PCR_1507,PCR,2448,1508,100
PCR_1508,PCR,2260,1509,100
PCR_1509,PCR,2437,1510,100
PCR_1510,PCR,2163,1511,100
PCR_1511,PCR,2178,1512,100
PCR_1512,PCR,2969,1513,100
PCR_1513,PCR,2784,1514,100
PCR_1514,PCR,2619,1515,100
PCR_1515,PCR,2440,1516,100
PCR_1516,PCR,1983,1517,100
PCR_1517,PCR,1796,1518,100
PCR_1518,PCR,2995,1519,100
PCR_1519,PCR,2121,1520,100
PCR_1520,PCR,1715,1521,100
PCR_1521,PCR,2086,1522,100
PCR_1522,PCR,2377,1523,100
PCR_1523,PCR,2074,1524,100
PCR_1524,PCR,2686,1525,100
PCR_1525,PCR,2133,1526,100
PCR_1526,PCR,1562,1527,100
PCR_1527,PCR,3003,1528,100
PCR_1528,PCR,2813,1529,100
PCR_1529,PCR,3204,1530,100
PCR_1530,PCR,2972,1531,100
PCR_1531,PCR,3377,1532,100
PCR_1532,PCR,1916,1533,100
PCR_1533,PCR,2000,1534,100
PCR_1534,PCR,2948,1535,100
PCR_1535,PCR,2421,1536,100
PCR_1536,PCR,2777,1537,100
PCR_1537,PCR,2847,1538,100
PCR_1538,PCR,2879,1539,100
PCR_1539,PCR,2490,1540,100
PCR_1540,PCR,2895,1541,100
PCR_1541,PCR,2312,1542,100
PCR_1542,PCR,3292,1543,100
PCR_1543,PCR,2198,1544,100
PCR_1544,PCR,2833,1545,100
PCR_1545,PCR,2774,1546,100
PCR_1546,PCR,2283,1547,100
PCR_1547,PCR,2292,1548,100
PCR_1548,PCR,2252,1549,100
PCR_1549,PCR,2857,1550,100
PCR_1550,PCR,3098,1551,100
PCR_1551,PCR,1615,1552,100
PCR_1552,PCR,3015,1553,100
PCR_1553,PCR,3235,1554,100
PCR_1554,PCR,2498,1555,100
PCR_1555,PCR,3234,1556,100
PCR_1556,PCR,3218,1557,100
PCR_1557,PCR,2294,1558,100
PCR_1558,PCR,1943,1559,100
PCR_1559,PCR,1774,1560,100
PCR_1560,PCR,2482,1561,100
PCR_1561,PCR,2313,1562,100
PCR_1562,PCR,1998,1563,100
PCR_1563,PCR,3233,1564,100
PCR_1564,PCR,1965,1565,100
PCR_1565,PCR,3169,1566,100
PCR_1566,PCR,2795,1567,100
PCR_1567,PCR,2400,1568,100
PCR_1568,PCR,2141,1569,100
PCR_1569,PCR,2723,1570,100
PCR_1570,PCR,3390,1571,100
PCR_1571,PCR,2455,1572,100
PCR_1572,PCR,2736,1573,100
PCR_1573,PCR,3318,1574,100
PCR_1574,PCR,3253,1575,100
PCR_1575,PCR,2036,1576,100
PCR_1576,PCR,2470,1577,100
PCR_1577,PCR,1718,1578,100
PCR_1578,PCR,2113,1579,100
PCR_1579,PCR,2629,1580,100
PCR_1580,PCR,1688,1581,100
PCR_1581,PCR,3014,1582,100
PCR_1582,PCR,3112,1583,100
PCR_1583,PCR,3168,1584,100
PCR_1584,PCR,2905,1585,100
PCR_1585,PCR,2551,1586,100
PCR_1586,PCR,3319,1587,100
PCR_1587,PCR,3004,1588,100
PCR_1588,PCR,3232,1589,100
PCR_1589,PCR,2093,1590,100
PCR_1590,PCR,2947,1591,100
PCR_1591,PCR,2594,1592,100
PCR_1592,PCR,1899,1593,100
PCR_1593,PCR,3217,1594,100
PCR_1594,PCR,2874,1595,100
PCR_1595,PCR,3293,1596,100
PCR_1596,PCR,2717,1597,100
PCR_1597,PCR,2835,1598,100
PCR_1598,PCR,2068,1599,100
PCR_1599,PCR,2295,1600,100
PCR_1600,PCR,3203,1601,100
PCR_1601,PCR,2085,1602,100
PCR_1602,PCR,2211,1603,100
PCR_1603,PCR,3346,1604,100
PCR_1604,PCR,1674,1605,100
PCR_1605,PCR,3167,1606,100
PCR_1606,PCR,3202,1607,100
PCR_1607,PCR,3201,1608,100
PCR_1608,PCR,3310,1609,100
PCR_1609,PCR,1829,1610,100
PCR_1610,PCR,2751,1611,100
PCR_1611,PCR,2749,1612,100
PCR_1612,PCR,3063,1613,100
PCR_1613,PCR,2748,1614,100
PCR_1614,PCR,3383,1615,100
PCR_1615,PCR,2968,1616,100
PCR_1616,PCR,2779,1617,100
PCR_1617,PCR,1624,1618,100
PCR_1618,PCR,1634,1619,100
PCR_1619,PCR,1814,1620,100
PCR_1620,PCR,2724,1621,100
PCR_1621,PCR,2157,1622,100
PCR_1622,PCR,1548,1623,100
PCR_1623,PCR,2852,1624,100
PCR_1624,PCR,2802,1625,100
PCR_1625,PCR,2381,1626,100
PCR_1626,PCR,2832,1627,100
PCR_1627,PCR,1811,1628,100
PCR_1628,PCR,1785,1629,100
PCR_1629,PCR,2330,1630,100
PCR_1630,PCR,1664,1631,100
PCR_1631,PCR,3347,1632,100
PCR_1632,PCR,2778,1633,100
PCR_1633,PCR,3254,1634,100
PCR_1634,PCR,3388,1635,100
PCR_1635,PCR,2192,1636,100
PCR_1636,PCR,2497,1637,100
PCR_1637,PCR,1856,1638,100
PCR_1638,PCR,2342,1639,100
PCR_1639,PCR,3013,1640,100
PCR_1640,PCR,3231,1641,100
PCR_1641,PCR,3078,1642,100
PCR_1642,PCR,3297,1643,100
PCR_1643,PCR,1641,1644,100
PCR_1644,PCR,1986,1645,100
PCR_1645,PCR,2836,1646,100
PCR_1646,PCR,2255,1647,100
PCR_1647,PCR,3391,1648,100
PCR_1648,PCR,3032,1649,100
PCR_1649,PCR,2561,1650,100
PCR_1650,PCR,1980,1651,100
PCR_1651,PCR,1911,1652,100
PCR_1652,PCR,3062,1653,100
PCR_1653,PCR,3348,1654,100
PCR_1654,PCR,2456,1655,100
PCR_1655,PCR,3031,1656,100
PCR_1656,PCR,3230,1657,100
PCR_1657,PCR,1813,1658,100
PCR_1658,PCR,3012,1659,100
PCR_1659,PCR,2289,1660,100
PCR_1660,PCR,3392,1661,100
PCR_1661,PCR,3384,1662,100
PCR_1662,PCR,3311,1663,100
PCR_1663,PCR,3298,1664,100
PCR_1664,PCR,3011,1665,100
PCR_1665,PCR,3097,1666,100
PCR_1666,PCR,2363,1667,100
PCR_1667,PCR,3002,1668,100
PCR_1668,PCR,2184,1669,100
PCR_1669,PCR,2839,1670,100
PCR_1670,PCR,2589,1671,100
PCR_1671,PCR,3029,1672,100
PCR_1672,PCR,3360,1673,100
PCR_1673,PCR,1851,1674,100
PCR_1674,PCR,2216,1675,100
PCR_1675,PCR,2101,1676,100
PCR_1676,PCR,2773,1677,100
PCR_1677,PCR,2812,1678,100
PCR_1678,PCR,2562,1679,100
PCR_1679,PCR,1556,1680,100
PCR_1680,PCR,2190,1681,100
PCR_1681,PCR,1805,1682,100
PCR_1682,PCR,1889,1683,100
PCR_1683,PCR,1768,1684,100
PCR_1684,PCR,2343,1685,100
PCR_1685,PCR,2465,1686,100
PCR_1686,PCR,2567,1687,100
PCR_1687,PCR,3312,1688,100
PCR_1688,PCR,3111,1689,100
PCR_1689,PCR,2792,1690,100
PCR_1690,PCR,2156,1691,100
PCR_1691,PCR,3395,1692,100
PCR_1692,PCR,2849,1693,100
PCR_1693,PCR,2445,1694,100
PCR_1694,PCR,3010,1695,100
PCR_1695,PCR,1821,1696,100
PCR_1696,PCR,2840,1697,100
PCR_1697,PCR,3336,1698,100
PCR_1698,PCR,2546,1699,100
PCR_1699,PCR,3009,1700,100
PCR_1700,PCR,2076,1701,100
PCR_1701,PCR,1933,1702,100
PCR_1702,PCR,3139,1703,100
PCR_1703,PCR,1593,1704,100
PCR_1704,PCR,3138,1705,100
PCR_1705,PCR,3385,1706,100
PCR_1706,PCR,2028,1707,100
PCR_1707,PCR,3378,1708,100
PCR_1708,PCR,3382,1709,100
PCR_1709,PCR,1683,1710,100
PCR_1710,PCR,1757,1711,100
PCR_1711,PCR,2020,1712,100
PCR_1712,PCR,2123,1713,100
PCR_1713,PCR,2776,1714,100
PCR_1714,PCR,2856,1715,100
PCR_1715,PCR,2747,1716,100
PCR_1716,PCR,1921,1717,100
PCR_1717,PCR,1822,1718,100
PCR_1718,PCR,1990,1719,100
PCR_1719,PCR,2019,1720,100
PCR_1720,PCR,3349,1721,100
PCR_1721,PCR,2588,1722,100
PCR_1722,PCR,2915,1723,100
PCR_1723,PCR,2726,1724,100
PCR_1724,PCR,2731,1725,100
PCR_1725,PCR,1560,1726,100
PCR_1726,PCR,3335,1727,100
PCR_1727,PCR,2669,1728,100
PCR_1728,PCR,2425,1729,100
PCR_1729,PCR,2597,1730,100
PCR_1730,PCR,2311,1731,100
PCR_1731,PCR,2457,1732,100
PCR_1732,PCR,2549,1733,100
PCR_1733,PCR,2734,1734,100
PCR_1734,PCR,2890,1735,100
PCR_1735,PCR,1953,1736,100
PCR_1736,PCR,1801,1737,100
PCR_1737,PCR,3028,1738,100
PCR_1738,PCR,1781,1739,100
PCR_1739,PCR,2044,1740,100
PCR_1740,PCR,2834,1741,100
PCR_1741,PCR,2310,1742,100
PCR_1742,PCR,1935,1743,100
PCR_1743,PCR,1926,1744,100
PCR_1744,PCR,2368,1745,100
PCR_1745,PCR,1598,1746,100
PCR_1746,PCR,1978,1747,100
PCR_1747,PCR,2855,1748,100
PCR_1748,PCR,1777,1749,100
PCR_1749,PCR,3137,1750,100
PCR_1750,PCR,1541,1751,100
PCR_1751,PCR,2416,1752,100
PCR_1752,PCR,1849,1753,100
PCR_1753,PCR,2768,1754,100
PCR_1754,PCR,1633,1755,100
PCR_1755,PCR,1826,1756,100
PCR_1756,PCR,2203,1757,100
PCR_1757,PCR,2721,1758,100
PCR_1758,PCR,1898,1759,100
PCR_1759,PCR,1959,1760,100
PCR_1760,PCR,2348,1761,100
PCR_1761,PCR,3030,1762,100
PCR_1762,PCR,2703,1763,100
PCR_1763,PCR,1810,1764,100
PCR_1764,PCR,2212,1765,100
PCR_1765,PCR,1960,1766,100
PCR_1766,PCR,2373,1767,100
PCR_1767,PCR,1762,1768,100
PCR_1768,PCR,1790,1769,100
PCR_1769,PCR,1713,1770,100
PCR_1770,PCR,2380,1771,100
PCR_1771,PCR,2627,1772,100
PCR_1772,PCR,1800,1773,100
PCR_1773,PCR,1884,1774,100
PCR_1774,PCR,2517,1775,100
PCR_1775,PCR,2183,1776,100
PCR_1776,PCR,2558,1777,100
PCR_1777,PCR,2253,1778,100
PCR_1778,PCR,1771,1779,100
PCR_1779,PCR,1599,1780,100
PCR_1780,PCR,2291,1781,100
PCR_1781,PCR,1583,1782,100
PCR_1782,PCR,2056,1783,100
PCR_1783,PCR,2585,1784,100
PCR_1784,PCR,2365,1785,100
PCR_1785,PCR,1566,1786,100
PCR_1786,PCR,2058,1787,100
PCR_1787,PCR,3313,1788,100
PCR_1788,PCR,2229,1789,100
PCR_1789,PCR,1920,1790,100
PCR_1790,PCR,2382,1791,100
PCR_1791,PCR,1769,1792,100
PCR_1792,PCR,2177,1793,100
PCR_1793,PCR,2217,1794,100
PCR_1794,PCR,2254,1795,100
PCR_1795,PCR,1886,1796,100
PCR_1796,PCR,2128,1797,100
PCR_1797,PCR,2346,1798,100
PCR_1798,PCR,1629,1799,100
PCR_1799,PCR,1742,1800,100
PCR_1800,PCR,1868,1801,100
PCR_1801,PCR,2652,1802,100
PCR_1802,PCR,3200,1803,100
